-- V18: reset all patient/operational data and seed one month of history.
-- Generated: balanced 11-doctor roster, 36 patients over the past ~30 days,
-- full agent timelines (triage, research, assignment, notification, treatment).

-- 1) Wipe existing operational data (FK-safe order). Reference data (staff, agents, knowledge) is kept.
delete from urgency_score_factors;
delete from urgency_red_flags;
delete from urgency_missing_details;
delete from urgency_assessment;
delete from intake_structured_symptoms;
delete from queue_entry;
delete from priority_override;
delete from care_team_assignment;
delete from patient_flashcard;
delete from patient_timeline_event;
delete from patient_thread_attachment;
delete from patient_thread_comment;
delete from staff_notification;
delete from intake_vector_document;
delete from intake;
delete from patient;

-- 2) Expand + balance the doctor roster (existing five kept; six added across departments).
update staff_user set department = 'Pediatrics' where staff_code = 'DOCTOR-PEDS';
update staff_user set department = 'Orthopedics' where staff_code = 'DOCTOR-ORTHO';
insert into staff_user (id, display_name, role, department, active, created_at, staff_code, specialty) values
    ('d0c70000-0000-4000-8000-000000000001', 'Dr. Rohan Mehta', 'DOCTOR', 'Emergency', true, now() - interval '40 days', 'DOCTOR-EM2', 'Emergency Medicine'),
    ('d0c70000-0000-4000-8000-000000000002', 'Dr. Neha Sharma', 'DOCTOR', 'General', true, now() - interval '40 days', 'DOCTOR-GEN', 'General Medicine'),
    ('d0c70000-0000-4000-8000-000000000003', 'Dr. Sanjay Gupta', 'DOCTOR', 'General', true, now() - interval '40 days', 'DOCTOR-GEN2', 'General Medicine'),
    ('d0c70000-0000-4000-8000-000000000004', 'Dr. Ananya Reddy', 'DOCTOR', 'Pediatrics', true, now() - interval '40 days', 'DOCTOR-PEDS2', 'Pediatrics'),
    ('d0c70000-0000-4000-8000-000000000005', 'Dr. Arjun Kapoor', 'DOCTOR', 'Orthopedics', true, now() - interval '40 days', 'DOCTOR-ORTHO2', 'Orthopedics'),
    ('d0c70000-0000-4000-8000-000000000006', 'Dr. Vikram Desai', 'DOCTOR', 'Emergency', true, now() - interval '40 days', 'DOCTOR-NEURO', 'Neurology')
on conflict (staff_code) do nothing;

-- Patient OR-1001 — Ankle sprain from sports (LOW, DISCHARGED) -> Dr. Jordan Kim
insert into patient (id, display_id, age_band, created_at) values ('10000000-0000-4000-8000-000000000001', 'OR-1001', 'ADULT', now() - interval '17404 minutes');
insert into intake (id, patient_id, arrival_timestamp, arrival_mode, chief_complaint, pain_level, age, height_cm, weight_kg, temperature_c, heart_rate, systolic_pressure, diastolic_pressure, respiratory_rate, oxygen_saturation, chest_pain, breathing_difficulty, altered_mental_state, severe_bleeding, pregnancy, pediatric_risk, fall_or_trauma, immunocompromised, department, current_status, created_at, updated_at) values ('20000000-0000-4000-8000-000000000001', '10000000-0000-4000-8000-000000000001', now() - interval '17404 minutes', 'AMBULANCE', 'Ankle sprain from sports', 3, 41, 170, 57, 38.24, 90, 132, 81, 16, 99, false, false, false, false, false, false, true, false, 'Orthopedics', 'DISCHARGED', now() - interval '17404 minutes', now() - interval '17344 minutes');
insert into intake_structured_symptoms (intake_id, symptom) values ('20000000-0000-4000-8000-000000000001', 'ankle pain');
insert into intake_structured_symptoms (intake_id, symptom) values ('20000000-0000-4000-8000-000000000001', 'swelling');
insert into urgency_assessment (id, patient_id, intake_id, final_category, final_score, suggested_category, suggested_score, structured_symptom_summary, staff_facing_explanation, confidence_level, suggested_diagnosis, medical_attention_note, assessed_at) values ('30000000-0000-4000-8000-000000000001', '10000000-0000-4000-8000-000000000001', '20000000-0000-4000-8000-000000000001', 'LOW', 16, 'LOW', 16, 'Adult patient presenting with ankle pain, swelling.', 'Triaged LOW (score 16). RICE protocol; likely soft-tissue injury.', 'HIGH', 'Ankle ligament sprain', 'RICE protocol; likely soft-tissue injury.', now() - interval '17402 minutes');
insert into urgency_score_factors (assessment_id, factor) values ('30000000-0000-4000-8000-000000000001', 'Chief complaint: Ankle sprain from sports');
insert into care_team_assignment (id, patient_id, intake_id, assigned_doctor_id, department, assignment_reason, active, assigned_at) values ('50000000-0000-4000-8000-000000000001', '10000000-0000-4000-8000-000000000001', '20000000-0000-4000-8000-000000000001', 'dddddddd-dddd-dddd-dddd-dddddddddddd', 'Orthopedics', 'Orthopedics match for ankle sprain from sports; balanced across the roster.', false, now() - interval '17400 minutes');
insert into patient_timeline_event (id, patient_id, intake_id, actor_staff_user_id, department, event_type, title, description, source, created_at) values ('61000000-0000-4000-8000-000000000001', '10000000-0000-4000-8000-000000000001', '20000000-0000-4000-8000-000000000001', '77777777-7777-7777-7777-777777777777', 'Orthopedics', 'INTAKE_INGESTED', 'Intake ingested', 'Nina Patel created the intake for OR-1001.', 'STAFF', now() - interval '17404 minutes');
insert into patient_timeline_event (id, patient_id, intake_id, actor_staff_user_id, department, event_type, title, description, source, created_at) values ('62000000-0000-4000-8000-000000000001', '10000000-0000-4000-8000-000000000001', '20000000-0000-4000-8000-000000000001', null, 'Orthopedics', 'QUEUE_SORTED', 'Patient sorted', 'Priority Agent placed OR-1001 as LOW with score 16.', 'AGENT', now() - interval '17403 minutes');
insert into patient_timeline_event (id, patient_id, intake_id, actor_staff_user_id, department, event_type, title, description, source, created_at) values ('63000000-0000-4000-8000-000000000001', '10000000-0000-4000-8000-000000000001', '20000000-0000-4000-8000-000000000001', null, 'Orthopedics', 'MEDICAL_RESEARCH', 'Medical research saved', 'Medical Research Agent researched "Ankle ligament sprain", wrote a briefing, and attached source links to the patient thread.', 'AGENT', now() - interval '17401 minutes');
insert into patient_timeline_event (id, patient_id, intake_id, actor_staff_user_id, department, event_type, title, description, source, created_at) values ('64000000-0000-4000-8000-000000000001', '10000000-0000-4000-8000-000000000001', '20000000-0000-4000-8000-000000000001', 'dddddddd-dddd-dddd-dddd-dddddddddddd', 'Orthopedics', 'DOCTOR_ASSIGNED', 'Doctor assigned', 'Assignment Agent assigned Dr. Jordan Kim to OR-1001. Orthopedics match for ankle sprain from sports; balanced across the roster.', 'AGENT', now() - interval '17400 minutes');
insert into patient_timeline_event (id, patient_id, intake_id, actor_staff_user_id, department, event_type, title, description, source, created_at) values ('65000000-0000-4000-8000-000000000001', '10000000-0000-4000-8000-000000000001', '20000000-0000-4000-8000-000000000001', null, 'Orthopedics', 'DOCTOR_NOTIFIED', 'Care team notified', 'Notification Agent alerted Dr. Jordan Kim and the Orthopedics desk about OR-1001.', 'AGENT', now() - interval '17399 minutes');
insert into patient_timeline_event (id, patient_id, intake_id, actor_staff_user_id, department, event_type, title, description, source, created_at) values ('66000000-0000-4000-8000-000000000001', '10000000-0000-4000-8000-000000000001', '20000000-0000-4000-8000-000000000001', 'dddddddd-dddd-dddd-dddd-dddddddddddd', 'Orthopedics', 'STATUS_CHANGED', 'Treatment started', 'Dr. Jordan Kim moved OR-1001 to IN_TREATMENT.', 'STAFF', now() - interval '17365 minutes');
insert into patient_timeline_event (id, patient_id, intake_id, actor_staff_user_id, department, event_type, title, description, source, created_at) values ('67000000-0000-4000-8000-000000000001', '10000000-0000-4000-8000-000000000001', '20000000-0000-4000-8000-000000000001', 'dddddddd-dddd-dddd-dddd-dddddddddddd', 'Orthopedics', 'STATUS_CHANGED', 'Patient discharged', 'Dr. Jordan Kim discharged OR-1001 after treatment.', 'STAFF', now() - interval '17275 minutes');
insert into patient_thread_comment (id, patient_id, intake_id, author_name, body, created_at) values ('70000000-0000-4000-8000-000000000001', '10000000-0000-4000-8000-000000000001', '20000000-0000-4000-8000-000000000001', 'Medical Research Agent', 'Medical research briefing for Ankle sprain from sports (automated online research):

- Ankle ligament sprain: RICE protocol; likely soft-tissue injury.
- Watch for: ankle pain, swelling.
- Suggested tests: Ankle X-ray if Ottawa criteria met.

Sources:
- [PubMed] Clinical overview of Ankle ligament sprain (https://pubmed.ncbi.nlm.nih.gov/)
- [ICMR] Indian clinical guidance on Ankle ligament sprain (https://www.icmr.gov.in/)', now() - interval '17401 minutes');

-- Patient GE-1002 — Routine medication refill (LOW, DISCHARGED) -> Dr. Neha Sharma
insert into patient (id, display_id, age_band, created_at) values ('10000000-0000-4000-8000-000000000002', 'GE-1002', 'OLDER_ADULT', now() - interval '5855 minutes');
insert into intake (id, patient_id, arrival_timestamp, arrival_mode, chief_complaint, pain_level, age, height_cm, weight_kg, temperature_c, heart_rate, systolic_pressure, diastolic_pressure, respiratory_rate, oxygen_saturation, chest_pain, breathing_difficulty, altered_mental_state, severe_bleeding, pregnancy, pediatric_risk, fall_or_trauma, immunocompromised, department, current_status, created_at, updated_at) values ('20000000-0000-4000-8000-000000000002', '10000000-0000-4000-8000-000000000002', now() - interval '5855 minutes', 'REFERRAL', 'Routine medication refill', 2, 70, 164, 59, 39.00, 73, 122, 79, 15, 99, false, false, false, false, false, false, false, false, 'General', 'DISCHARGED', now() - interval '5855 minutes', now() - interval '5795 minutes');
insert into intake_structured_symptoms (intake_id, symptom) values ('20000000-0000-4000-8000-000000000002', 'medication refill');
insert into urgency_assessment (id, patient_id, intake_id, final_category, final_score, suggested_category, suggested_score, structured_symptom_summary, staff_facing_explanation, confidence_level, suggested_diagnosis, medical_attention_note, assessed_at) values ('30000000-0000-4000-8000-000000000002', '10000000-0000-4000-8000-000000000002', '20000000-0000-4000-8000-000000000002', 'LOW', 17, 'LOW', 17, 'Adult patient presenting with medication refill.', 'Triaged LOW (score 17). No acute concern; routine review.', 'HIGH', 'Stable chronic condition - refill', 'No acute concern; routine review.', now() - interval '5853 minutes');
insert into urgency_score_factors (assessment_id, factor) values ('30000000-0000-4000-8000-000000000002', 'Chief complaint: Routine medication refill');
insert into care_team_assignment (id, patient_id, intake_id, assigned_doctor_id, department, assignment_reason, active, assigned_at) values ('50000000-0000-4000-8000-000000000002', '10000000-0000-4000-8000-000000000002', '20000000-0000-4000-8000-000000000002', 'd0c70000-0000-4000-8000-000000000002', 'General', 'General Medicine match for routine medication refill; balanced across the roster.', false, now() - interval '5851 minutes');
insert into patient_timeline_event (id, patient_id, intake_id, actor_staff_user_id, department, event_type, title, description, source, created_at) values ('61000000-0000-4000-8000-000000000002', '10000000-0000-4000-8000-000000000002', '20000000-0000-4000-8000-000000000002', '77777777-7777-7777-7777-777777777777', 'General', 'INTAKE_INGESTED', 'Intake ingested', 'Nina Patel created the intake for GE-1002.', 'STAFF', now() - interval '5855 minutes');
insert into patient_timeline_event (id, patient_id, intake_id, actor_staff_user_id, department, event_type, title, description, source, created_at) values ('62000000-0000-4000-8000-000000000002', '10000000-0000-4000-8000-000000000002', '20000000-0000-4000-8000-000000000002', null, 'General', 'QUEUE_SORTED', 'Patient sorted', 'Priority Agent placed GE-1002 as LOW with score 17.', 'AGENT', now() - interval '5854 minutes');
insert into patient_timeline_event (id, patient_id, intake_id, actor_staff_user_id, department, event_type, title, description, source, created_at) values ('63000000-0000-4000-8000-000000000002', '10000000-0000-4000-8000-000000000002', '20000000-0000-4000-8000-000000000002', null, 'General', 'MEDICAL_RESEARCH', 'Medical research saved', 'Medical Research Agent researched "Stable chronic condition - refill", wrote a briefing, and attached source links to the patient thread.', 'AGENT', now() - interval '5852 minutes');
insert into patient_timeline_event (id, patient_id, intake_id, actor_staff_user_id, department, event_type, title, description, source, created_at) values ('64000000-0000-4000-8000-000000000002', '10000000-0000-4000-8000-000000000002', '20000000-0000-4000-8000-000000000002', 'd0c70000-0000-4000-8000-000000000002', 'General', 'DOCTOR_ASSIGNED', 'Doctor assigned', 'Assignment Agent assigned Dr. Neha Sharma to GE-1002. General Medicine match for routine medication refill; balanced across the roster.', 'AGENT', now() - interval '5851 minutes');
insert into patient_timeline_event (id, patient_id, intake_id, actor_staff_user_id, department, event_type, title, description, source, created_at) values ('65000000-0000-4000-8000-000000000002', '10000000-0000-4000-8000-000000000002', '20000000-0000-4000-8000-000000000002', null, 'General', 'DOCTOR_NOTIFIED', 'Care team notified', 'Notification Agent alerted Dr. Neha Sharma and the General desk about GE-1002.', 'AGENT', now() - interval '5850 minutes');
insert into patient_timeline_event (id, patient_id, intake_id, actor_staff_user_id, department, event_type, title, description, source, created_at) values ('66000000-0000-4000-8000-000000000002', '10000000-0000-4000-8000-000000000002', '20000000-0000-4000-8000-000000000002', 'd0c70000-0000-4000-8000-000000000002', 'General', 'STATUS_CHANGED', 'Treatment started', 'Dr. Neha Sharma moved GE-1002 to IN_TREATMENT.', 'STAFF', now() - interval '5799 minutes');
insert into patient_timeline_event (id, patient_id, intake_id, actor_staff_user_id, department, event_type, title, description, source, created_at) values ('67000000-0000-4000-8000-000000000002', '10000000-0000-4000-8000-000000000002', '20000000-0000-4000-8000-000000000002', 'd0c70000-0000-4000-8000-000000000002', 'General', 'STATUS_CHANGED', 'Patient discharged', 'Dr. Neha Sharma discharged GE-1002 after treatment.', 'STAFF', now() - interval '5689 minutes');
insert into patient_thread_comment (id, patient_id, intake_id, author_name, body, created_at) values ('70000000-0000-4000-8000-000000000002', '10000000-0000-4000-8000-000000000002', '20000000-0000-4000-8000-000000000002', 'Medical Research Agent', 'Medical research briefing for Routine medication refill (automated online research):

- Stable chronic condition - refill: No acute concern; routine review.
- Watch for: medication refill.
- Suggested tests: BP measurement.

Sources:
- [PubMed] Clinical overview of Stable chronic condition - refill (https://pubmed.ncbi.nlm.nih.gov/)
- [ICMR] Indian clinical guidance on Stable chronic condition - refill (https://www.icmr.gov.in/)', now() - interval '5852 minutes');

-- Patient GE-1003 — Severe abdominal pain and vomiting (HIGH, DISCHARGED) -> Dr. Sanjay Gupta
insert into patient (id, display_id, age_band, created_at) values ('10000000-0000-4000-8000-000000000003', 'GE-1003', 'ADULT', now() - interval '6550 minutes');
insert into intake (id, patient_id, arrival_timestamp, arrival_mode, chief_complaint, pain_level, age, height_cm, weight_kg, temperature_c, heart_rate, systolic_pressure, diastolic_pressure, respiratory_rate, oxygen_saturation, chest_pain, breathing_difficulty, altered_mental_state, severe_bleeding, pregnancy, pediatric_risk, fall_or_trauma, immunocompromised, department, current_status, created_at, updated_at) values ('20000000-0000-4000-8000-000000000003', '10000000-0000-4000-8000-000000000003', now() - interval '6550 minutes', 'WALK_IN', 'Severe abdominal pain and vomiting', 6, 58, 178, 57, 38.26, 117, 125, 71, 26, 94, false, false, false, false, false, false, false, false, 'General', 'DISCHARGED', now() - interval '6550 minutes', now() - interval '6490 minutes');
insert into intake_structured_symptoms (intake_id, symptom) values ('20000000-0000-4000-8000-000000000003', 'abdominal pain');
insert into intake_structured_symptoms (intake_id, symptom) values ('20000000-0000-4000-8000-000000000003', 'vomiting');
insert into intake_structured_symptoms (intake_id, symptom) values ('20000000-0000-4000-8000-000000000003', 'fever');
insert into urgency_assessment (id, patient_id, intake_id, final_category, final_score, suggested_category, suggested_score, structured_symptom_summary, staff_facing_explanation, confidence_level, suggested_diagnosis, medical_attention_note, assessed_at) values ('30000000-0000-4000-8000-000000000003', '10000000-0000-4000-8000-000000000003', '20000000-0000-4000-8000-000000000003', 'HIGH', 83, 'HIGH', 83, 'Adult patient presenting with abdominal pain, vomiting, fever.', 'Triaged HIGH (score 83). Surgical review if right-lower-quadrant tenderness persists.', 'HIGH', 'Possible appendicitis', 'Surgical review if right-lower-quadrant tenderness persists.', now() - interval '6548 minutes');
insert into urgency_score_factors (assessment_id, factor) values ('30000000-0000-4000-8000-000000000003', 'Abnormal vital signs');
insert into urgency_score_factors (assessment_id, factor) values ('30000000-0000-4000-8000-000000000003', 'Chief complaint: Severe abdominal pain and vomiting');
insert into care_team_assignment (id, patient_id, intake_id, assigned_doctor_id, department, assignment_reason, active, assigned_at) values ('50000000-0000-4000-8000-000000000003', '10000000-0000-4000-8000-000000000003', '20000000-0000-4000-8000-000000000003', 'd0c70000-0000-4000-8000-000000000003', 'General', 'General Medicine match for severe abdominal pain and vomiting; balanced across the roster.', false, now() - interval '6546 minutes');
insert into patient_timeline_event (id, patient_id, intake_id, actor_staff_user_id, department, event_type, title, description, source, created_at) values ('61000000-0000-4000-8000-000000000003', '10000000-0000-4000-8000-000000000003', '20000000-0000-4000-8000-000000000003', '77777777-7777-7777-7777-777777777777', 'General', 'INTAKE_INGESTED', 'Intake ingested', 'Nina Patel created the intake for GE-1003.', 'STAFF', now() - interval '6550 minutes');
insert into patient_timeline_event (id, patient_id, intake_id, actor_staff_user_id, department, event_type, title, description, source, created_at) values ('62000000-0000-4000-8000-000000000003', '10000000-0000-4000-8000-000000000003', '20000000-0000-4000-8000-000000000003', null, 'General', 'QUEUE_SORTED', 'Patient sorted', 'Priority Agent placed GE-1003 as HIGH with score 83.', 'AGENT', now() - interval '6549 minutes');
insert into patient_timeline_event (id, patient_id, intake_id, actor_staff_user_id, department, event_type, title, description, source, created_at) values ('63000000-0000-4000-8000-000000000003', '10000000-0000-4000-8000-000000000003', '20000000-0000-4000-8000-000000000003', null, 'General', 'MEDICAL_RESEARCH', 'Medical research saved', 'Medical Research Agent researched "Possible appendicitis", wrote a briefing, and attached source links to the patient thread.', 'AGENT', now() - interval '6547 minutes');
insert into patient_timeline_event (id, patient_id, intake_id, actor_staff_user_id, department, event_type, title, description, source, created_at) values ('64000000-0000-4000-8000-000000000003', '10000000-0000-4000-8000-000000000003', '20000000-0000-4000-8000-000000000003', 'd0c70000-0000-4000-8000-000000000003', 'General', 'DOCTOR_ASSIGNED', 'Doctor assigned', 'Assignment Agent assigned Dr. Sanjay Gupta to GE-1003. General Medicine match for severe abdominal pain and vomiting; balanced across the roster.', 'AGENT', now() - interval '6546 minutes');
insert into patient_timeline_event (id, patient_id, intake_id, actor_staff_user_id, department, event_type, title, description, source, created_at) values ('65000000-0000-4000-8000-000000000003', '10000000-0000-4000-8000-000000000003', '20000000-0000-4000-8000-000000000003', null, 'General', 'DOCTOR_NOTIFIED', 'Care team notified', 'Notification Agent alerted Dr. Sanjay Gupta and the General desk about GE-1003.', 'AGENT', now() - interval '6545 minutes');
insert into patient_timeline_event (id, patient_id, intake_id, actor_staff_user_id, department, event_type, title, description, source, created_at) values ('66000000-0000-4000-8000-000000000003', '10000000-0000-4000-8000-000000000003', '20000000-0000-4000-8000-000000000003', 'd0c70000-0000-4000-8000-000000000003', 'General', 'STATUS_CHANGED', 'Treatment started', 'Dr. Sanjay Gupta moved GE-1003 to IN_TREATMENT.', 'STAFF', now() - interval '6493 minutes');
insert into patient_timeline_event (id, patient_id, intake_id, actor_staff_user_id, department, event_type, title, description, source, created_at) values ('67000000-0000-4000-8000-000000000003', '10000000-0000-4000-8000-000000000003', '20000000-0000-4000-8000-000000000003', 'd0c70000-0000-4000-8000-000000000003', 'General', 'STATUS_CHANGED', 'Patient discharged', 'Dr. Sanjay Gupta discharged GE-1003 after treatment.', 'STAFF', now() - interval '6461 minutes');
insert into patient_thread_comment (id, patient_id, intake_id, author_name, body, created_at) values ('70000000-0000-4000-8000-000000000003', '10000000-0000-4000-8000-000000000003', '20000000-0000-4000-8000-000000000003', 'Medical Research Agent', 'Medical research briefing for Severe abdominal pain and vomiting (automated online research):

- Possible appendicitis: Surgical review if right-lower-quadrant tenderness persists.
- Watch for: abdominal pain, vomiting, fever.
- Suggested tests: Abdominal ultrasound, CBC, Urinalysis.

Sources:
- [PubMed] Clinical overview of Possible appendicitis (https://pubmed.ncbi.nlm.nih.gov/)
- [ICMR] Indian clinical guidance on Possible appendicitis (https://www.icmr.gov.in/)', now() - interval '6547 minutes');

-- Patient EM-1004 — Asthma attack with wheezing (HIGH, DISCHARGED) -> Dr. Sofia Martinez
insert into patient (id, display_id, age_band, created_at) values ('10000000-0000-4000-8000-000000000004', 'EM-1004', 'ADULT', now() - interval '38515 minutes');
insert into intake (id, patient_id, arrival_timestamp, arrival_mode, chief_complaint, pain_level, age, height_cm, weight_kg, temperature_c, heart_rate, systolic_pressure, diastolic_pressure, respiratory_rate, oxygen_saturation, chest_pain, breathing_difficulty, altered_mental_state, severe_bleeding, pregnancy, pediatric_risk, fall_or_trauma, immunocompromised, department, current_status, created_at, updated_at) values ('20000000-0000-4000-8000-000000000004', '10000000-0000-4000-8000-000000000004', now() - interval '38515 minutes', 'TRANSFER', 'Asthma attack with wheezing', 7, 47, 160, 67, 37.18, 103, 115, 83, 22, 93, false, true, false, false, false, false, false, false, 'Emergency', 'DISCHARGED', now() - interval '38515 minutes', now() - interval '38455 minutes');
insert into intake_structured_symptoms (intake_id, symptom) values ('20000000-0000-4000-8000-000000000004', 'wheezing');
insert into intake_structured_symptoms (intake_id, symptom) values ('20000000-0000-4000-8000-000000000004', 'shortness of breath');
insert into intake_structured_symptoms (intake_id, symptom) values ('20000000-0000-4000-8000-000000000004', 'cough');
insert into urgency_assessment (id, patient_id, intake_id, final_category, final_score, suggested_category, suggested_score, structured_symptom_summary, staff_facing_explanation, confidence_level, suggested_diagnosis, medical_attention_note, assessed_at) values ('30000000-0000-4000-8000-000000000004', '10000000-0000-4000-8000-000000000004', '20000000-0000-4000-8000-000000000004', 'HIGH', 73, 'HIGH', 73, 'Adult patient presenting with wheezing, shortness of breath, cough.', 'Triaged HIGH (score 73). Bronchodilator therapy; reassess response.', 'MEDIUM', 'Asthma exacerbation', 'Bronchodilator therapy; reassess response.', now() - interval '38513 minutes');
insert into urgency_score_factors (assessment_id, factor) values ('30000000-0000-4000-8000-000000000004', 'Abnormal vital signs');
insert into urgency_score_factors (assessment_id, factor) values ('30000000-0000-4000-8000-000000000004', 'Chief complaint: Asthma attack with wheezing');
insert into urgency_score_factors (assessment_id, factor) values ('30000000-0000-4000-8000-000000000004', 'Low oxygen saturation');
insert into urgency_red_flags (assessment_id, red_flag) values ('30000000-0000-4000-8000-000000000004', 'Breathing difficulty');
insert into care_team_assignment (id, patient_id, intake_id, assigned_doctor_id, department, assignment_reason, active, assigned_at) values ('50000000-0000-4000-8000-000000000004', '10000000-0000-4000-8000-000000000004', '20000000-0000-4000-8000-000000000004', 'eeeeeeee-eeee-eeee-eeee-eeeeeeeeeeee', 'Emergency', 'Pulmonology match for asthma attack with wheezing; balanced across the roster.', false, now() - interval '38511 minutes');
insert into patient_timeline_event (id, patient_id, intake_id, actor_staff_user_id, department, event_type, title, description, source, created_at) values ('61000000-0000-4000-8000-000000000004', '10000000-0000-4000-8000-000000000004', '20000000-0000-4000-8000-000000000004', '77777777-7777-7777-7777-777777777777', 'Emergency', 'INTAKE_INGESTED', 'Intake ingested', 'Nina Patel created the intake for EM-1004.', 'STAFF', now() - interval '38515 minutes');
insert into patient_timeline_event (id, patient_id, intake_id, actor_staff_user_id, department, event_type, title, description, source, created_at) values ('62000000-0000-4000-8000-000000000004', '10000000-0000-4000-8000-000000000004', '20000000-0000-4000-8000-000000000004', null, 'Emergency', 'QUEUE_SORTED', 'Patient sorted', 'Priority Agent placed EM-1004 as HIGH with score 73.', 'AGENT', now() - interval '38514 minutes');
insert into patient_timeline_event (id, patient_id, intake_id, actor_staff_user_id, department, event_type, title, description, source, created_at) values ('63000000-0000-4000-8000-000000000004', '10000000-0000-4000-8000-000000000004', '20000000-0000-4000-8000-000000000004', null, 'Emergency', 'MEDICAL_RESEARCH', 'Medical research saved', 'Medical Research Agent researched "Asthma exacerbation", wrote a briefing, and attached source links to the patient thread.', 'AGENT', now() - interval '38512 minutes');
insert into patient_timeline_event (id, patient_id, intake_id, actor_staff_user_id, department, event_type, title, description, source, created_at) values ('64000000-0000-4000-8000-000000000004', '10000000-0000-4000-8000-000000000004', '20000000-0000-4000-8000-000000000004', 'eeeeeeee-eeee-eeee-eeee-eeeeeeeeeeee', 'Emergency', 'DOCTOR_ASSIGNED', 'Doctor assigned', 'Assignment Agent assigned Dr. Sofia Martinez to EM-1004. Pulmonology match for asthma attack with wheezing; balanced across the roster.', 'AGENT', now() - interval '38511 minutes');
insert into patient_timeline_event (id, patient_id, intake_id, actor_staff_user_id, department, event_type, title, description, source, created_at) values ('65000000-0000-4000-8000-000000000004', '10000000-0000-4000-8000-000000000004', '20000000-0000-4000-8000-000000000004', null, 'Emergency', 'DOCTOR_NOTIFIED', 'Care team notified', 'Notification Agent alerted Dr. Sofia Martinez and the Emergency desk about EM-1004.', 'AGENT', now() - interval '38510 minutes');
insert into patient_timeline_event (id, patient_id, intake_id, actor_staff_user_id, department, event_type, title, description, source, created_at) values ('66000000-0000-4000-8000-000000000004', '10000000-0000-4000-8000-000000000004', '20000000-0000-4000-8000-000000000004', 'eeeeeeee-eeee-eeee-eeee-eeeeeeeeeeee', 'Emergency', 'STATUS_CHANGED', 'Treatment started', 'Dr. Sofia Martinez moved EM-1004 to IN_TREATMENT.', 'STAFF', now() - interval '38464 minutes');
insert into patient_timeline_event (id, patient_id, intake_id, actor_staff_user_id, department, event_type, title, description, source, created_at) values ('67000000-0000-4000-8000-000000000004', '10000000-0000-4000-8000-000000000004', '20000000-0000-4000-8000-000000000004', 'eeeeeeee-eeee-eeee-eeee-eeeeeeeeeeee', 'Emergency', 'STATUS_CHANGED', 'Patient discharged', 'Dr. Sofia Martinez discharged EM-1004 after treatment.', 'STAFF', now() - interval '38431 minutes');
insert into patient_thread_comment (id, patient_id, intake_id, author_name, body, created_at) values ('70000000-0000-4000-8000-000000000004', '10000000-0000-4000-8000-000000000004', '20000000-0000-4000-8000-000000000004', 'Medical Research Agent', 'Medical research briefing for Asthma attack with wheezing (automated online research):

- Asthma exacerbation: Bronchodilator therapy; reassess response.
- Watch for: wheezing, shortness of breath, cough.
- Suggested tests: Peak flow, SpO2, Chest auscultation.

Sources:
- [PubMed] Clinical overview of Asthma exacerbation (https://pubmed.ncbi.nlm.nih.gov/)
- [ICMR] Indian clinical guidance on Asthma exacerbation (https://www.icmr.gov.in/)', now() - interval '38512 minutes');

-- Patient PE-1005 — High fever with lethargy (HIGH, DISCHARGED) -> Dr. Priya Nair
insert into patient (id, display_id, age_band, created_at) values ('10000000-0000-4000-8000-000000000005', 'PE-1005', 'CHILD', now() - interval '21318 minutes');
insert into intake (id, patient_id, arrival_timestamp, arrival_mode, chief_complaint, pain_level, age, height_cm, weight_kg, temperature_c, heart_rate, systolic_pressure, diastolic_pressure, respiratory_rate, oxygen_saturation, chest_pain, breathing_difficulty, altered_mental_state, severe_bleeding, pregnancy, pediatric_risk, fall_or_trauma, immunocompromised, department, current_status, created_at, updated_at) values ('20000000-0000-4000-8000-000000000005', '10000000-0000-4000-8000-000000000005', now() - interval '21318 minutes', 'REFERRAL', 'High fever with lethargy', 7, 3, 103, 20, 39.30, 116, 111, 71, 22, 96, false, false, false, false, false, true, false, false, 'Pediatrics', 'DISCHARGED', now() - interval '21318 minutes', now() - interval '21258 minutes');
insert into intake_structured_symptoms (intake_id, symptom) values ('20000000-0000-4000-8000-000000000005', 'fever');
insert into intake_structured_symptoms (intake_id, symptom) values ('20000000-0000-4000-8000-000000000005', 'lethargy');
insert into intake_structured_symptoms (intake_id, symptom) values ('20000000-0000-4000-8000-000000000005', 'poor feeding');
insert into urgency_assessment (id, patient_id, intake_id, final_category, final_score, suggested_category, suggested_score, structured_symptom_summary, staff_facing_explanation, confidence_level, suggested_diagnosis, medical_attention_note, assessed_at) values ('30000000-0000-4000-8000-000000000005', '10000000-0000-4000-8000-000000000005', '20000000-0000-4000-8000-000000000005', 'HIGH', 74, 'HIGH', 74, 'Pediatric patient presenting with fever, lethargy, poor feeding.', 'Triaged HIGH (score 74). Monitor hydration and temperature; watch for febrile seizure.', 'MEDIUM', 'Pediatric febrile illness', 'Monitor hydration and temperature; watch for febrile seizure.', now() - interval '21316 minutes');
insert into urgency_score_factors (assessment_id, factor) values ('30000000-0000-4000-8000-000000000005', 'Abnormal vital signs');
insert into urgency_score_factors (assessment_id, factor) values ('30000000-0000-4000-8000-000000000005', 'Chief complaint: High fever with lethargy');
insert into urgency_red_flags (assessment_id, red_flag) values ('30000000-0000-4000-8000-000000000005', 'Pediatric risk');
insert into care_team_assignment (id, patient_id, intake_id, assigned_doctor_id, department, assignment_reason, active, assigned_at) values ('50000000-0000-4000-8000-000000000005', '10000000-0000-4000-8000-000000000005', '20000000-0000-4000-8000-000000000005', 'cccccccc-cccc-cccc-cccc-cccccccccccc', 'Pediatrics', 'Pediatrics match for high fever with lethargy; balanced across the roster.', false, now() - interval '21314 minutes');
insert into patient_timeline_event (id, patient_id, intake_id, actor_staff_user_id, department, event_type, title, description, source, created_at) values ('61000000-0000-4000-8000-000000000005', '10000000-0000-4000-8000-000000000005', '20000000-0000-4000-8000-000000000005', '77777777-7777-7777-7777-777777777777', 'Pediatrics', 'INTAKE_INGESTED', 'Intake ingested', 'Nina Patel created the intake for PE-1005.', 'STAFF', now() - interval '21318 minutes');
insert into patient_timeline_event (id, patient_id, intake_id, actor_staff_user_id, department, event_type, title, description, source, created_at) values ('62000000-0000-4000-8000-000000000005', '10000000-0000-4000-8000-000000000005', '20000000-0000-4000-8000-000000000005', null, 'Pediatrics', 'QUEUE_SORTED', 'Patient sorted', 'Priority Agent placed PE-1005 as HIGH with score 74.', 'AGENT', now() - interval '21317 minutes');
insert into patient_timeline_event (id, patient_id, intake_id, actor_staff_user_id, department, event_type, title, description, source, created_at) values ('63000000-0000-4000-8000-000000000005', '10000000-0000-4000-8000-000000000005', '20000000-0000-4000-8000-000000000005', null, 'Pediatrics', 'MEDICAL_RESEARCH', 'Medical research saved', 'Medical Research Agent researched "Pediatric febrile illness", wrote a briefing, and attached source links to the patient thread.', 'AGENT', now() - interval '21315 minutes');
insert into patient_timeline_event (id, patient_id, intake_id, actor_staff_user_id, department, event_type, title, description, source, created_at) values ('64000000-0000-4000-8000-000000000005', '10000000-0000-4000-8000-000000000005', '20000000-0000-4000-8000-000000000005', 'cccccccc-cccc-cccc-cccc-cccccccccccc', 'Pediatrics', 'DOCTOR_ASSIGNED', 'Doctor assigned', 'Assignment Agent assigned Dr. Priya Nair to PE-1005. Pediatrics match for high fever with lethargy; balanced across the roster.', 'AGENT', now() - interval '21314 minutes');
insert into patient_timeline_event (id, patient_id, intake_id, actor_staff_user_id, department, event_type, title, description, source, created_at) values ('65000000-0000-4000-8000-000000000005', '10000000-0000-4000-8000-000000000005', '20000000-0000-4000-8000-000000000005', null, 'Pediatrics', 'DOCTOR_NOTIFIED', 'Care team notified', 'Notification Agent alerted Dr. Priya Nair and the Pediatrics desk about PE-1005.', 'AGENT', now() - interval '21313 minutes');
insert into patient_timeline_event (id, patient_id, intake_id, actor_staff_user_id, department, event_type, title, description, source, created_at) values ('66000000-0000-4000-8000-000000000005', '10000000-0000-4000-8000-000000000005', '20000000-0000-4000-8000-000000000005', 'cccccccc-cccc-cccc-cccc-cccccccccccc', 'Pediatrics', 'STATUS_CHANGED', 'Treatment started', 'Dr. Priya Nair moved PE-1005 to IN_TREATMENT.', 'STAFF', now() - interval '21295 minutes');
insert into patient_timeline_event (id, patient_id, intake_id, actor_staff_user_id, department, event_type, title, description, source, created_at) values ('67000000-0000-4000-8000-000000000005', '10000000-0000-4000-8000-000000000005', '20000000-0000-4000-8000-000000000005', 'cccccccc-cccc-cccc-cccc-cccccccccccc', 'Pediatrics', 'STATUS_CHANGED', 'Patient discharged', 'Dr. Priya Nair discharged PE-1005 after treatment.', 'STAFF', now() - interval '21169 minutes');
insert into patient_thread_comment (id, patient_id, intake_id, author_name, body, created_at) values ('70000000-0000-4000-8000-000000000005', '10000000-0000-4000-8000-000000000005', '20000000-0000-4000-8000-000000000005', 'Medical Research Agent', 'Medical research briefing for High fever with lethargy (automated online research):

- Pediatric febrile illness: Monitor hydration and temperature; watch for febrile seizure.
- Watch for: fever, lethargy, poor feeding.
- Suggested tests: CBC, CRP, Urine culture.

Sources:
- [PubMed] Clinical overview of Pediatric febrile illness (https://pubmed.ncbi.nlm.nih.gov/)
- [ICMR] Indian clinical guidance on Pediatric febrile illness (https://www.icmr.gov.in/)', now() - interval '21315 minutes');

-- Patient PE-1006 — Loose motions and dehydration (MEDIUM, DISCHARGED) -> Dr. Ananya Reddy
insert into patient (id, display_id, age_band, created_at) values ('10000000-0000-4000-8000-000000000006', 'PE-1006', 'CHILD', now() - interval '29432 minutes');
insert into intake (id, patient_id, arrival_timestamp, arrival_mode, chief_complaint, pain_level, age, height_cm, weight_kg, temperature_c, heart_rate, systolic_pressure, diastolic_pressure, respiratory_rate, oxygen_saturation, chest_pain, breathing_difficulty, altered_mental_state, severe_bleeding, pregnancy, pediatric_risk, fall_or_trauma, immunocompromised, department, current_status, created_at, updated_at) values ('20000000-0000-4000-8000-000000000006', '10000000-0000-4000-8000-000000000006', now() - interval '29432 minutes', 'AMBULANCE', 'Loose motions and dehydration', 4, 6, 119, 36, 39.33, 91, 115, 84, 15, 98, false, false, false, false, false, true, false, false, 'Pediatrics', 'DISCHARGED', now() - interval '29432 minutes', now() - interval '29372 minutes');
insert into intake_structured_symptoms (intake_id, symptom) values ('20000000-0000-4000-8000-000000000006', 'diarrhea');
insert into intake_structured_symptoms (intake_id, symptom) values ('20000000-0000-4000-8000-000000000006', 'dehydration');
insert into urgency_assessment (id, patient_id, intake_id, final_category, final_score, suggested_category, suggested_score, structured_symptom_summary, staff_facing_explanation, confidence_level, suggested_diagnosis, medical_attention_note, assessed_at) values ('30000000-0000-4000-8000-000000000006', '10000000-0000-4000-8000-000000000006', '20000000-0000-4000-8000-000000000006', 'MEDIUM', 58, 'MEDIUM', 58, 'Pediatric patient presenting with diarrhea, dehydration.', 'Triaged MEDIUM (score 58). Oral rehydration; escalate if signs of severe dehydration.', 'MEDIUM', 'Acute gastroenteritis', 'Oral rehydration; escalate if signs of severe dehydration.', now() - interval '29430 minutes');
insert into urgency_score_factors (assessment_id, factor) values ('30000000-0000-4000-8000-000000000006', 'Chief complaint: Loose motions and dehydration');
insert into urgency_red_flags (assessment_id, red_flag) values ('30000000-0000-4000-8000-000000000006', 'Pediatric risk');
insert into care_team_assignment (id, patient_id, intake_id, assigned_doctor_id, department, assignment_reason, active, assigned_at) values ('50000000-0000-4000-8000-000000000006', '10000000-0000-4000-8000-000000000006', '20000000-0000-4000-8000-000000000006', 'd0c70000-0000-4000-8000-000000000004', 'Pediatrics', 'Pediatrics match for loose motions and dehydration; balanced across the roster.', false, now() - interval '29428 minutes');
insert into patient_timeline_event (id, patient_id, intake_id, actor_staff_user_id, department, event_type, title, description, source, created_at) values ('61000000-0000-4000-8000-000000000006', '10000000-0000-4000-8000-000000000006', '20000000-0000-4000-8000-000000000006', '77777777-7777-7777-7777-777777777777', 'Pediatrics', 'INTAKE_INGESTED', 'Intake ingested', 'Nina Patel created the intake for PE-1006.', 'STAFF', now() - interval '29432 minutes');
insert into patient_timeline_event (id, patient_id, intake_id, actor_staff_user_id, department, event_type, title, description, source, created_at) values ('62000000-0000-4000-8000-000000000006', '10000000-0000-4000-8000-000000000006', '20000000-0000-4000-8000-000000000006', null, 'Pediatrics', 'QUEUE_SORTED', 'Patient sorted', 'Priority Agent placed PE-1006 as MEDIUM with score 58.', 'AGENT', now() - interval '29431 minutes');
insert into patient_timeline_event (id, patient_id, intake_id, actor_staff_user_id, department, event_type, title, description, source, created_at) values ('63000000-0000-4000-8000-000000000006', '10000000-0000-4000-8000-000000000006', '20000000-0000-4000-8000-000000000006', null, 'Pediatrics', 'MEDICAL_RESEARCH', 'Medical research saved', 'Medical Research Agent researched "Acute gastroenteritis", wrote a briefing, and attached source links to the patient thread.', 'AGENT', now() - interval '29429 minutes');
insert into patient_timeline_event (id, patient_id, intake_id, actor_staff_user_id, department, event_type, title, description, source, created_at) values ('64000000-0000-4000-8000-000000000006', '10000000-0000-4000-8000-000000000006', '20000000-0000-4000-8000-000000000006', 'd0c70000-0000-4000-8000-000000000004', 'Pediatrics', 'DOCTOR_ASSIGNED', 'Doctor assigned', 'Assignment Agent assigned Dr. Ananya Reddy to PE-1006. Pediatrics match for loose motions and dehydration; balanced across the roster.', 'AGENT', now() - interval '29428 minutes');
insert into patient_timeline_event (id, patient_id, intake_id, actor_staff_user_id, department, event_type, title, description, source, created_at) values ('65000000-0000-4000-8000-000000000006', '10000000-0000-4000-8000-000000000006', '20000000-0000-4000-8000-000000000006', null, 'Pediatrics', 'DOCTOR_NOTIFIED', 'Care team notified', 'Notification Agent alerted Dr. Ananya Reddy and the Pediatrics desk about PE-1006.', 'AGENT', now() - interval '29427 minutes');
insert into patient_timeline_event (id, patient_id, intake_id, actor_staff_user_id, department, event_type, title, description, source, created_at) values ('66000000-0000-4000-8000-000000000006', '10000000-0000-4000-8000-000000000006', '20000000-0000-4000-8000-000000000006', 'd0c70000-0000-4000-8000-000000000004', 'Pediatrics', 'STATUS_CHANGED', 'Treatment started', 'Dr. Ananya Reddy moved PE-1006 to IN_TREATMENT.', 'STAFF', now() - interval '29387 minutes');
insert into patient_timeline_event (id, patient_id, intake_id, actor_staff_user_id, department, event_type, title, description, source, created_at) values ('67000000-0000-4000-8000-000000000006', '10000000-0000-4000-8000-000000000006', '20000000-0000-4000-8000-000000000006', 'd0c70000-0000-4000-8000-000000000004', 'Pediatrics', 'STATUS_CHANGED', 'Patient discharged', 'Dr. Ananya Reddy discharged PE-1006 after treatment.', 'STAFF', now() - interval '29270 minutes');
insert into patient_thread_comment (id, patient_id, intake_id, author_name, body, created_at) values ('70000000-0000-4000-8000-000000000006', '10000000-0000-4000-8000-000000000006', '20000000-0000-4000-8000-000000000006', 'Medical Research Agent', 'Medical research briefing for Loose motions and dehydration (automated online research):

- Acute gastroenteritis: Oral rehydration; escalate if signs of severe dehydration.
- Watch for: diarrhea, dehydration.
- Suggested tests: Stool routine, Serum electrolytes.

Sources:
- [PubMed] Clinical overview of Acute gastroenteritis (https://pubmed.ncbi.nlm.nih.gov/)
- [ICMR] Indian clinical guidance on Acute gastroenteritis (https://www.icmr.gov.in/)', now() - interval '29429 minutes');

-- Patient EM-1007 — Severe breathing distress with low oxygen (CRITICAL, DISCHARGED) -> Dr. Sofia Martinez
insert into patient (id, display_id, age_band, created_at) values ('10000000-0000-4000-8000-000000000007', 'EM-1007', 'ADULT', now() - interval '14877 minutes');
insert into intake (id, patient_id, arrival_timestamp, arrival_mode, chief_complaint, pain_level, age, height_cm, weight_kg, temperature_c, heart_rate, systolic_pressure, diastolic_pressure, respiratory_rate, oxygen_saturation, chest_pain, breathing_difficulty, altered_mental_state, severe_bleeding, pregnancy, pediatric_risk, fall_or_trauma, immunocompromised, department, current_status, created_at, updated_at) values ('20000000-0000-4000-8000-000000000007', '10000000-0000-4000-8000-000000000007', now() - interval '14877 minutes', 'AMBULANCE', 'Severe breathing distress with low oxygen', 9, 44, 174, 69, 37.73, 122, 105, 78, 30, 88, false, true, false, false, false, false, false, false, 'Emergency', 'DISCHARGED', now() - interval '14877 minutes', now() - interval '14817 minutes');
insert into intake_structured_symptoms (intake_id, symptom) values ('20000000-0000-4000-8000-000000000007', 'shortness of breath');
insert into intake_structured_symptoms (intake_id, symptom) values ('20000000-0000-4000-8000-000000000007', 'low oxygen saturation');
insert into intake_structured_symptoms (intake_id, symptom) values ('20000000-0000-4000-8000-000000000007', 'wheezing');
insert into urgency_assessment (id, patient_id, intake_id, final_category, final_score, suggested_category, suggested_score, structured_symptom_summary, staff_facing_explanation, confidence_level, suggested_diagnosis, medical_attention_note, assessed_at) values ('30000000-0000-4000-8000-000000000007', '10000000-0000-4000-8000-000000000007', '20000000-0000-4000-8000-000000000007', 'CRITICAL', 91, 'CRITICAL', 91, 'Adult patient presenting with shortness of breath, low oxygen saturation, wheezing.', 'Triaged CRITICAL (score 91). Start supplemental oxygen; watch for respiratory failure.', 'HIGH', 'Acute respiratory distress', 'Start supplemental oxygen; watch for respiratory failure.', now() - interval '14875 minutes');
insert into urgency_score_factors (assessment_id, factor) values ('30000000-0000-4000-8000-000000000007', 'Abnormal vital signs');
insert into urgency_score_factors (assessment_id, factor) values ('30000000-0000-4000-8000-000000000007', 'Chief complaint: Severe breathing distress with low oxygen');
insert into urgency_score_factors (assessment_id, factor) values ('30000000-0000-4000-8000-000000000007', 'Low oxygen saturation');
insert into urgency_red_flags (assessment_id, red_flag) values ('30000000-0000-4000-8000-000000000007', 'Breathing difficulty');
insert into care_team_assignment (id, patient_id, intake_id, assigned_doctor_id, department, assignment_reason, active, assigned_at) values ('50000000-0000-4000-8000-000000000007', '10000000-0000-4000-8000-000000000007', '20000000-0000-4000-8000-000000000007', 'eeeeeeee-eeee-eeee-eeee-eeeeeeeeeeee', 'Emergency', 'Pulmonology match for severe breathing distress with low oxygen; balanced across the roster.', false, now() - interval '14873 minutes');
insert into patient_timeline_event (id, patient_id, intake_id, actor_staff_user_id, department, event_type, title, description, source, created_at) values ('61000000-0000-4000-8000-000000000007', '10000000-0000-4000-8000-000000000007', '20000000-0000-4000-8000-000000000007', '77777777-7777-7777-7777-777777777777', 'Emergency', 'INTAKE_INGESTED', 'Intake ingested', 'Nina Patel created the intake for EM-1007.', 'STAFF', now() - interval '14877 minutes');
insert into patient_timeline_event (id, patient_id, intake_id, actor_staff_user_id, department, event_type, title, description, source, created_at) values ('62000000-0000-4000-8000-000000000007', '10000000-0000-4000-8000-000000000007', '20000000-0000-4000-8000-000000000007', null, 'Emergency', 'QUEUE_SORTED', 'Patient sorted', 'Priority Agent placed EM-1007 as CRITICAL with score 91.', 'AGENT', now() - interval '14876 minutes');
insert into patient_timeline_event (id, patient_id, intake_id, actor_staff_user_id, department, event_type, title, description, source, created_at) values ('63000000-0000-4000-8000-000000000007', '10000000-0000-4000-8000-000000000007', '20000000-0000-4000-8000-000000000007', null, 'Emergency', 'MEDICAL_RESEARCH', 'Medical research saved', 'Medical Research Agent researched "Acute respiratory distress", wrote a briefing, and attached source links to the patient thread.', 'AGENT', now() - interval '14874 minutes');
insert into patient_timeline_event (id, patient_id, intake_id, actor_staff_user_id, department, event_type, title, description, source, created_at) values ('64000000-0000-4000-8000-000000000007', '10000000-0000-4000-8000-000000000007', '20000000-0000-4000-8000-000000000007', 'eeeeeeee-eeee-eeee-eeee-eeeeeeeeeeee', 'Emergency', 'DOCTOR_ASSIGNED', 'Doctor assigned', 'Assignment Agent assigned Dr. Sofia Martinez to EM-1007. Pulmonology match for severe breathing distress with low oxygen; balanced across the roster.', 'AGENT', now() - interval '14873 minutes');
insert into patient_timeline_event (id, patient_id, intake_id, actor_staff_user_id, department, event_type, title, description, source, created_at) values ('65000000-0000-4000-8000-000000000007', '10000000-0000-4000-8000-000000000007', '20000000-0000-4000-8000-000000000007', null, 'Emergency', 'DOCTOR_NOTIFIED', 'Care team notified', 'Notification Agent alerted Dr. Sofia Martinez and the Emergency desk about EM-1007.', 'AGENT', now() - interval '14872 minutes');
insert into patient_timeline_event (id, patient_id, intake_id, actor_staff_user_id, department, event_type, title, description, source, created_at) values ('66000000-0000-4000-8000-000000000007', '10000000-0000-4000-8000-000000000007', '20000000-0000-4000-8000-000000000007', 'eeeeeeee-eeee-eeee-eeee-eeeeeeeeeeee', 'Emergency', 'STATUS_CHANGED', 'Treatment started', 'Dr. Sofia Martinez moved EM-1007 to IN_TREATMENT.', 'STAFF', now() - interval '14829 minutes');
insert into patient_timeline_event (id, patient_id, intake_id, actor_staff_user_id, department, event_type, title, description, source, created_at) values ('67000000-0000-4000-8000-000000000007', '10000000-0000-4000-8000-000000000007', '20000000-0000-4000-8000-000000000007', 'eeeeeeee-eeee-eeee-eeee-eeeeeeeeeeee', 'Emergency', 'STATUS_CHANGED', 'Patient discharged', 'Dr. Sofia Martinez discharged EM-1007 after treatment.', 'STAFF', now() - interval '14772 minutes');
insert into patient_thread_comment (id, patient_id, intake_id, author_name, body, created_at) values ('70000000-0000-4000-8000-000000000007', '10000000-0000-4000-8000-000000000007', '20000000-0000-4000-8000-000000000007', 'Medical Research Agent', 'Medical research briefing for Severe breathing distress with low oxygen (automated online research):

- Acute respiratory distress: Start supplemental oxygen; watch for respiratory failure.
- Watch for: shortness of breath, low oxygen saturation, wheezing.
- Suggested tests: ABG, Chest X-ray, SpO2 monitoring.

Sources:
- [PubMed] Clinical overview of Acute respiratory distress (https://pubmed.ncbi.nlm.nih.gov/)
- [ICMR] Indian clinical guidance on Acute respiratory distress (https://www.icmr.gov.in/)', now() - interval '14874 minutes');

-- Patient EM-1008 — Migraine with nausea (MEDIUM, DISCHARGED) -> Dr. Vikram Desai
insert into patient (id, display_id, age_band, created_at) values ('10000000-0000-4000-8000-000000000008', 'EM-1008', 'ADULT', now() - interval '10712 minutes');
insert into intake (id, patient_id, arrival_timestamp, arrival_mode, chief_complaint, pain_level, age, height_cm, weight_kg, temperature_c, heart_rate, systolic_pressure, diastolic_pressure, respiratory_rate, oxygen_saturation, chest_pain, breathing_difficulty, altered_mental_state, severe_bleeding, pregnancy, pediatric_risk, fall_or_trauma, immunocompromised, department, current_status, created_at, updated_at) values ('20000000-0000-4000-8000-000000000008', '10000000-0000-4000-8000-000000000008', now() - interval '10712 minutes', 'TRANSFER', 'Migraine with nausea', 4, 56, 155, 76, 39.09, 80, 127, 85, 19, 98, false, false, false, false, false, false, false, false, 'Emergency', 'DISCHARGED', now() - interval '10712 minutes', now() - interval '10652 minutes');
insert into intake_structured_symptoms (intake_id, symptom) values ('20000000-0000-4000-8000-000000000008', 'headache');
insert into intake_structured_symptoms (intake_id, symptom) values ('20000000-0000-4000-8000-000000000008', 'nausea');
insert into intake_structured_symptoms (intake_id, symptom) values ('20000000-0000-4000-8000-000000000008', 'photophobia');
insert into urgency_assessment (id, patient_id, intake_id, final_category, final_score, suggested_category, suggested_score, structured_symptom_summary, staff_facing_explanation, confidence_level, suggested_diagnosis, medical_attention_note, assessed_at) values ('30000000-0000-4000-8000-000000000008', '10000000-0000-4000-8000-000000000008', '20000000-0000-4000-8000-000000000008', 'MEDIUM', 47, 'MEDIUM', 47, 'Adult patient presenting with headache, nausea, photophobia.', 'Triaged MEDIUM (score 47). Rule out secondary causes if red-flag features appear.', 'MEDIUM', 'Migraine headache', 'Rule out secondary causes if red-flag features appear.', now() - interval '10710 minutes');
insert into urgency_score_factors (assessment_id, factor) values ('30000000-0000-4000-8000-000000000008', 'Chief complaint: Migraine with nausea');
insert into care_team_assignment (id, patient_id, intake_id, assigned_doctor_id, department, assignment_reason, active, assigned_at) values ('50000000-0000-4000-8000-000000000008', '10000000-0000-4000-8000-000000000008', '20000000-0000-4000-8000-000000000008', 'd0c70000-0000-4000-8000-000000000006', 'Emergency', 'Neurology match for migraine with nausea; balanced across the roster.', false, now() - interval '10708 minutes');
insert into patient_timeline_event (id, patient_id, intake_id, actor_staff_user_id, department, event_type, title, description, source, created_at) values ('61000000-0000-4000-8000-000000000008', '10000000-0000-4000-8000-000000000008', '20000000-0000-4000-8000-000000000008', '77777777-7777-7777-7777-777777777777', 'Emergency', 'INTAKE_INGESTED', 'Intake ingested', 'Nina Patel created the intake for EM-1008.', 'STAFF', now() - interval '10712 minutes');
insert into patient_timeline_event (id, patient_id, intake_id, actor_staff_user_id, department, event_type, title, description, source, created_at) values ('62000000-0000-4000-8000-000000000008', '10000000-0000-4000-8000-000000000008', '20000000-0000-4000-8000-000000000008', null, 'Emergency', 'QUEUE_SORTED', 'Patient sorted', 'Priority Agent placed EM-1008 as MEDIUM with score 47.', 'AGENT', now() - interval '10711 minutes');
insert into patient_timeline_event (id, patient_id, intake_id, actor_staff_user_id, department, event_type, title, description, source, created_at) values ('63000000-0000-4000-8000-000000000008', '10000000-0000-4000-8000-000000000008', '20000000-0000-4000-8000-000000000008', null, 'Emergency', 'MEDICAL_RESEARCH', 'Medical research saved', 'Medical Research Agent researched "Migraine headache", wrote a briefing, and attached source links to the patient thread.', 'AGENT', now() - interval '10709 minutes');
insert into patient_timeline_event (id, patient_id, intake_id, actor_staff_user_id, department, event_type, title, description, source, created_at) values ('64000000-0000-4000-8000-000000000008', '10000000-0000-4000-8000-000000000008', '20000000-0000-4000-8000-000000000008', 'd0c70000-0000-4000-8000-000000000006', 'Emergency', 'DOCTOR_ASSIGNED', 'Doctor assigned', 'Assignment Agent assigned Dr. Vikram Desai to EM-1008. Neurology match for migraine with nausea; balanced across the roster.', 'AGENT', now() - interval '10708 minutes');
insert into patient_timeline_event (id, patient_id, intake_id, actor_staff_user_id, department, event_type, title, description, source, created_at) values ('65000000-0000-4000-8000-000000000008', '10000000-0000-4000-8000-000000000008', '20000000-0000-4000-8000-000000000008', null, 'Emergency', 'DOCTOR_NOTIFIED', 'Care team notified', 'Notification Agent alerted Dr. Vikram Desai and the Emergency desk about EM-1008.', 'AGENT', now() - interval '10707 minutes');
insert into patient_timeline_event (id, patient_id, intake_id, actor_staff_user_id, department, event_type, title, description, source, created_at) values ('66000000-0000-4000-8000-000000000008', '10000000-0000-4000-8000-000000000008', '20000000-0000-4000-8000-000000000008', 'd0c70000-0000-4000-8000-000000000006', 'Emergency', 'STATUS_CHANGED', 'Treatment started', 'Dr. Vikram Desai moved EM-1008 to IN_TREATMENT.', 'STAFF', now() - interval '10664 minutes');
insert into patient_timeline_event (id, patient_id, intake_id, actor_staff_user_id, department, event_type, title, description, source, created_at) values ('67000000-0000-4000-8000-000000000008', '10000000-0000-4000-8000-000000000008', '20000000-0000-4000-8000-000000000008', 'd0c70000-0000-4000-8000-000000000006', 'Emergency', 'STATUS_CHANGED', 'Patient discharged', 'Dr. Vikram Desai discharged EM-1008 after treatment.', 'STAFF', now() - interval '10524 minutes');
insert into patient_thread_comment (id, patient_id, intake_id, author_name, body, created_at) values ('70000000-0000-4000-8000-000000000008', '10000000-0000-4000-8000-000000000008', '20000000-0000-4000-8000-000000000008', 'Medical Research Agent', 'Medical research briefing for Migraine with nausea (automated online research):

- Migraine headache: Rule out secondary causes if red-flag features appear.
- Watch for: headache, nausea, photophobia.
- Suggested tests: Clinical assessment, BP measurement.

Sources:
- [PubMed] Clinical overview of Migraine headache (https://pubmed.ncbi.nlm.nih.gov/)
- [ICMR] Indian clinical guidance on Migraine headache (https://www.icmr.gov.in/)', now() - interval '10709 minutes');

-- Patient OR-1009 — Lower back pain (LOW, DISCHARGED) -> Dr. Arjun Kapoor
insert into patient (id, display_id, age_band, created_at) values ('10000000-0000-4000-8000-000000000009', 'OR-1009', 'ADULT', now() - interval '28947 minutes');
insert into intake (id, patient_id, arrival_timestamp, arrival_mode, chief_complaint, pain_level, age, height_cm, weight_kg, temperature_c, heart_rate, systolic_pressure, diastolic_pressure, respiratory_rate, oxygen_saturation, chest_pain, breathing_difficulty, altered_mental_state, severe_bleeding, pregnancy, pediatric_risk, fall_or_trauma, immunocompromised, department, current_status, created_at, updated_at) values ('20000000-0000-4000-8000-000000000009', '10000000-0000-4000-8000-000000000009', now() - interval '28947 minutes', 'TRANSFER', 'Lower back pain', 1, 52, 172, 68, 37.26, 73, 131, 76, 18, 97, false, false, false, false, false, false, false, false, 'Orthopedics', 'DISCHARGED', now() - interval '28947 minutes', now() - interval '28887 minutes');
insert into intake_structured_symptoms (intake_id, symptom) values ('20000000-0000-4000-8000-000000000009', 'back pain');
insert into urgency_assessment (id, patient_id, intake_id, final_category, final_score, suggested_category, suggested_score, structured_symptom_summary, staff_facing_explanation, confidence_level, suggested_diagnosis, medical_attention_note, assessed_at) values ('30000000-0000-4000-8000-000000000009', '10000000-0000-4000-8000-000000000009', '20000000-0000-4000-8000-000000000009', 'LOW', 24, 'LOW', 24, 'Adult patient presenting with back pain.', 'Triaged LOW (score 24). Analgesia and activity advice; imaging only if red flags.', 'HIGH', 'Mechanical low back pain', 'Analgesia and activity advice; imaging only if red flags.', now() - interval '28945 minutes');
insert into urgency_score_factors (assessment_id, factor) values ('30000000-0000-4000-8000-000000000009', 'Chief complaint: Lower back pain');
insert into care_team_assignment (id, patient_id, intake_id, assigned_doctor_id, department, assignment_reason, active, assigned_at) values ('50000000-0000-4000-8000-000000000009', '10000000-0000-4000-8000-000000000009', '20000000-0000-4000-8000-000000000009', 'd0c70000-0000-4000-8000-000000000005', 'Orthopedics', 'Orthopedics match for lower back pain; balanced across the roster.', false, now() - interval '28943 minutes');
insert into patient_timeline_event (id, patient_id, intake_id, actor_staff_user_id, department, event_type, title, description, source, created_at) values ('61000000-0000-4000-8000-000000000009', '10000000-0000-4000-8000-000000000009', '20000000-0000-4000-8000-000000000009', '77777777-7777-7777-7777-777777777777', 'Orthopedics', 'INTAKE_INGESTED', 'Intake ingested', 'Nina Patel created the intake for OR-1009.', 'STAFF', now() - interval '28947 minutes');
insert into patient_timeline_event (id, patient_id, intake_id, actor_staff_user_id, department, event_type, title, description, source, created_at) values ('62000000-0000-4000-8000-000000000009', '10000000-0000-4000-8000-000000000009', '20000000-0000-4000-8000-000000000009', null, 'Orthopedics', 'QUEUE_SORTED', 'Patient sorted', 'Priority Agent placed OR-1009 as LOW with score 24.', 'AGENT', now() - interval '28946 minutes');
insert into patient_timeline_event (id, patient_id, intake_id, actor_staff_user_id, department, event_type, title, description, source, created_at) values ('63000000-0000-4000-8000-000000000009', '10000000-0000-4000-8000-000000000009', '20000000-0000-4000-8000-000000000009', null, 'Orthopedics', 'MEDICAL_RESEARCH', 'Medical research saved', 'Medical Research Agent researched "Mechanical low back pain", wrote a briefing, and attached source links to the patient thread.', 'AGENT', now() - interval '28944 minutes');
insert into patient_timeline_event (id, patient_id, intake_id, actor_staff_user_id, department, event_type, title, description, source, created_at) values ('64000000-0000-4000-8000-000000000009', '10000000-0000-4000-8000-000000000009', '20000000-0000-4000-8000-000000000009', 'd0c70000-0000-4000-8000-000000000005', 'Orthopedics', 'DOCTOR_ASSIGNED', 'Doctor assigned', 'Assignment Agent assigned Dr. Arjun Kapoor to OR-1009. Orthopedics match for lower back pain; balanced across the roster.', 'AGENT', now() - interval '28943 minutes');
insert into patient_timeline_event (id, patient_id, intake_id, actor_staff_user_id, department, event_type, title, description, source, created_at) values ('65000000-0000-4000-8000-000000000009', '10000000-0000-4000-8000-000000000009', '20000000-0000-4000-8000-000000000009', null, 'Orthopedics', 'DOCTOR_NOTIFIED', 'Care team notified', 'Notification Agent alerted Dr. Arjun Kapoor and the Orthopedics desk about OR-1009.', 'AGENT', now() - interval '28942 minutes');
insert into patient_timeline_event (id, patient_id, intake_id, actor_staff_user_id, department, event_type, title, description, source, created_at) values ('66000000-0000-4000-8000-000000000009', '10000000-0000-4000-8000-000000000009', '20000000-0000-4000-8000-000000000009', 'd0c70000-0000-4000-8000-000000000005', 'Orthopedics', 'STATUS_CHANGED', 'Treatment started', 'Dr. Arjun Kapoor moved OR-1009 to IN_TREATMENT.', 'STAFF', now() - interval '28918 minutes');
insert into patient_timeline_event (id, patient_id, intake_id, actor_staff_user_id, department, event_type, title, description, source, created_at) values ('67000000-0000-4000-8000-000000000009', '10000000-0000-4000-8000-000000000009', '20000000-0000-4000-8000-000000000009', 'd0c70000-0000-4000-8000-000000000005', 'Orthopedics', 'STATUS_CHANGED', 'Patient discharged', 'Dr. Arjun Kapoor discharged OR-1009 after treatment.', 'STAFF', now() - interval '28809 minutes');
insert into patient_thread_comment (id, patient_id, intake_id, author_name, body, created_at) values ('70000000-0000-4000-8000-000000000009', '10000000-0000-4000-8000-000000000009', '20000000-0000-4000-8000-000000000009', 'Medical Research Agent', 'Medical research briefing for Lower back pain (automated online research):

- Mechanical low back pain: Analgesia and activity advice; imaging only if red flags.
- Watch for: back pain.
- Suggested tests: Clinical assessment.

Sources:
- [PubMed] Clinical overview of Mechanical low back pain (https://pubmed.ncbi.nlm.nih.gov/)
- [ICMR] Indian clinical guidance on Mechanical low back pain (https://www.icmr.gov.in/)', now() - interval '28944 minutes');

-- Patient OR-1010 — Wrist injury after a fall (MEDIUM, DISCHARGED) -> Dr. Jordan Kim
insert into patient (id, display_id, age_band, created_at) values ('10000000-0000-4000-8000-000000000010', 'OR-1010', 'ADULT', now() - interval '14770 minutes');
insert into intake (id, patient_id, arrival_timestamp, arrival_mode, chief_complaint, pain_level, age, height_cm, weight_kg, temperature_c, heart_rate, systolic_pressure, diastolic_pressure, respiratory_rate, oxygen_saturation, chest_pain, breathing_difficulty, altered_mental_state, severe_bleeding, pregnancy, pediatric_risk, fall_or_trauma, immunocompromised, department, current_status, created_at, updated_at) values ('20000000-0000-4000-8000-000000000010', '10000000-0000-4000-8000-000000000010', now() - interval '14770 minutes', 'AMBULANCE', 'Wrist injury after a fall', 6, 24, 170, 53, 37.00, 76, 127, 80, 18, 97, false, false, false, false, false, false, true, false, 'Orthopedics', 'DISCHARGED', now() - interval '14770 minutes', now() - interval '14710 minutes');
insert into intake_structured_symptoms (intake_id, symptom) values ('20000000-0000-4000-8000-000000000010', 'wrist pain');
insert into intake_structured_symptoms (intake_id, symptom) values ('20000000-0000-4000-8000-000000000010', 'swelling');
insert into urgency_assessment (id, patient_id, intake_id, final_category, final_score, suggested_category, suggested_score, structured_symptom_summary, staff_facing_explanation, confidence_level, suggested_diagnosis, medical_attention_note, assessed_at) values ('30000000-0000-4000-8000-000000000010', '10000000-0000-4000-8000-000000000010', '20000000-0000-4000-8000-000000000010', 'MEDIUM', 61, 'MEDIUM', 61, 'Adult patient presenting with wrist pain, swelling.', 'Triaged MEDIUM (score 61). Immobilize and elevate; analgesia as needed.', 'MEDIUM', 'Possible distal radius fracture', 'Immobilize and elevate; analgesia as needed.', now() - interval '14768 minutes');
insert into urgency_score_factors (assessment_id, factor) values ('30000000-0000-4000-8000-000000000010', 'Chief complaint: Wrist injury after a fall');
insert into care_team_assignment (id, patient_id, intake_id, assigned_doctor_id, department, assignment_reason, active, assigned_at) values ('50000000-0000-4000-8000-000000000010', '10000000-0000-4000-8000-000000000010', '20000000-0000-4000-8000-000000000010', 'dddddddd-dddd-dddd-dddd-dddddddddddd', 'Orthopedics', 'Orthopedics match for wrist injury after a fall; balanced across the roster.', false, now() - interval '14766 minutes');
insert into patient_timeline_event (id, patient_id, intake_id, actor_staff_user_id, department, event_type, title, description, source, created_at) values ('61000000-0000-4000-8000-000000000010', '10000000-0000-4000-8000-000000000010', '20000000-0000-4000-8000-000000000010', '77777777-7777-7777-7777-777777777777', 'Orthopedics', 'INTAKE_INGESTED', 'Intake ingested', 'Nina Patel created the intake for OR-1010.', 'STAFF', now() - interval '14770 minutes');
insert into patient_timeline_event (id, patient_id, intake_id, actor_staff_user_id, department, event_type, title, description, source, created_at) values ('62000000-0000-4000-8000-000000000010', '10000000-0000-4000-8000-000000000010', '20000000-0000-4000-8000-000000000010', null, 'Orthopedics', 'QUEUE_SORTED', 'Patient sorted', 'Priority Agent placed OR-1010 as MEDIUM with score 61.', 'AGENT', now() - interval '14769 minutes');
insert into patient_timeline_event (id, patient_id, intake_id, actor_staff_user_id, department, event_type, title, description, source, created_at) values ('63000000-0000-4000-8000-000000000010', '10000000-0000-4000-8000-000000000010', '20000000-0000-4000-8000-000000000010', null, 'Orthopedics', 'MEDICAL_RESEARCH', 'Medical research saved', 'Medical Research Agent researched "Possible distal radius fracture", wrote a briefing, and attached source links to the patient thread.', 'AGENT', now() - interval '14767 minutes');
insert into patient_timeline_event (id, patient_id, intake_id, actor_staff_user_id, department, event_type, title, description, source, created_at) values ('64000000-0000-4000-8000-000000000010', '10000000-0000-4000-8000-000000000010', '20000000-0000-4000-8000-000000000010', 'dddddddd-dddd-dddd-dddd-dddddddddddd', 'Orthopedics', 'DOCTOR_ASSIGNED', 'Doctor assigned', 'Assignment Agent assigned Dr. Jordan Kim to OR-1010. Orthopedics match for wrist injury after a fall; balanced across the roster.', 'AGENT', now() - interval '14766 minutes');
insert into patient_timeline_event (id, patient_id, intake_id, actor_staff_user_id, department, event_type, title, description, source, created_at) values ('65000000-0000-4000-8000-000000000010', '10000000-0000-4000-8000-000000000010', '20000000-0000-4000-8000-000000000010', null, 'Orthopedics', 'DOCTOR_NOTIFIED', 'Care team notified', 'Notification Agent alerted Dr. Jordan Kim and the Orthopedics desk about OR-1010.', 'AGENT', now() - interval '14765 minutes');
insert into patient_timeline_event (id, patient_id, intake_id, actor_staff_user_id, department, event_type, title, description, source, created_at) values ('66000000-0000-4000-8000-000000000010', '10000000-0000-4000-8000-000000000010', '20000000-0000-4000-8000-000000000010', 'dddddddd-dddd-dddd-dddd-dddddddddddd', 'Orthopedics', 'STATUS_CHANGED', 'Treatment started', 'Dr. Jordan Kim moved OR-1010 to IN_TREATMENT.', 'STAFF', now() - interval '14745 minutes');
insert into patient_timeline_event (id, patient_id, intake_id, actor_staff_user_id, department, event_type, title, description, source, created_at) values ('67000000-0000-4000-8000-000000000010', '10000000-0000-4000-8000-000000000010', '20000000-0000-4000-8000-000000000010', 'dddddddd-dddd-dddd-dddd-dddddddddddd', 'Orthopedics', 'STATUS_CHANGED', 'Patient discharged', 'Dr. Jordan Kim discharged OR-1010 after treatment.', 'STAFF', now() - interval '14625 minutes');
insert into patient_thread_comment (id, patient_id, intake_id, author_name, body, created_at) values ('70000000-0000-4000-8000-000000000010', '10000000-0000-4000-8000-000000000010', '20000000-0000-4000-8000-000000000010', 'Medical Research Agent', 'Medical research briefing for Wrist injury after a fall (automated online research):

- Possible distal radius fracture: Immobilize and elevate; analgesia as needed.
- Watch for: wrist pain, swelling.
- Suggested tests: Wrist X-ray (AP + lateral).

Sources:
- [PubMed] Clinical overview of Possible distal radius fracture (https://pubmed.ncbi.nlm.nih.gov/)
- [ICMR] Indian clinical guidance on Possible distal radius fracture (https://www.icmr.gov.in/)', now() - interval '14767 minutes');

-- Patient GE-1011 — Persistent cough and mild fever (LOW, DISCHARGED) -> Dr. Neha Sharma
insert into patient (id, display_id, age_band, created_at) values ('10000000-0000-4000-8000-000000000011', 'GE-1011', 'ADULT', now() - interval '12580 minutes');
insert into intake (id, patient_id, arrival_timestamp, arrival_mode, chief_complaint, pain_level, age, height_cm, weight_kg, temperature_c, heart_rate, systolic_pressure, diastolic_pressure, respiratory_rate, oxygen_saturation, chest_pain, breathing_difficulty, altered_mental_state, severe_bleeding, pregnancy, pediatric_risk, fall_or_trauma, immunocompromised, department, current_status, created_at, updated_at) values ('20000000-0000-4000-8000-000000000011', '10000000-0000-4000-8000-000000000011', now() - interval '12580 minutes', 'WALK_IN', 'Persistent cough and mild fever', 3, 39, 170, 59, 38.82, 90, 131, 83, 19, 97, false, false, false, false, false, false, false, false, 'General', 'DISCHARGED', now() - interval '12580 minutes', now() - interval '12520 minutes');
insert into intake_structured_symptoms (intake_id, symptom) values ('20000000-0000-4000-8000-000000000011', 'cough');
insert into intake_structured_symptoms (intake_id, symptom) values ('20000000-0000-4000-8000-000000000011', 'mild fever');
insert into urgency_assessment (id, patient_id, intake_id, final_category, final_score, suggested_category, suggested_score, structured_symptom_summary, staff_facing_explanation, confidence_level, suggested_diagnosis, medical_attention_note, assessed_at) values ('30000000-0000-4000-8000-000000000011', '10000000-0000-4000-8000-000000000011', '20000000-0000-4000-8000-000000000011', 'LOW', 14, 'LOW', 14, 'Adult patient presenting with cough, mild fever.', 'Triaged LOW (score 14). Symptomatic care; return if breathing worsens.', 'HIGH', 'Upper respiratory tract infection', 'Symptomatic care; return if breathing worsens.', now() - interval '12578 minutes');
insert into urgency_score_factors (assessment_id, factor) values ('30000000-0000-4000-8000-000000000011', 'Chief complaint: Persistent cough and mild fever');
insert into care_team_assignment (id, patient_id, intake_id, assigned_doctor_id, department, assignment_reason, active, assigned_at) values ('50000000-0000-4000-8000-000000000011', '10000000-0000-4000-8000-000000000011', '20000000-0000-4000-8000-000000000011', 'd0c70000-0000-4000-8000-000000000002', 'General', 'General Medicine match for persistent cough and mild fever; balanced across the roster.', false, now() - interval '12576 minutes');
insert into patient_timeline_event (id, patient_id, intake_id, actor_staff_user_id, department, event_type, title, description, source, created_at) values ('61000000-0000-4000-8000-000000000011', '10000000-0000-4000-8000-000000000011', '20000000-0000-4000-8000-000000000011', '77777777-7777-7777-7777-777777777777', 'General', 'INTAKE_INGESTED', 'Intake ingested', 'Nina Patel created the intake for GE-1011.', 'STAFF', now() - interval '12580 minutes');
insert into patient_timeline_event (id, patient_id, intake_id, actor_staff_user_id, department, event_type, title, description, source, created_at) values ('62000000-0000-4000-8000-000000000011', '10000000-0000-4000-8000-000000000011', '20000000-0000-4000-8000-000000000011', null, 'General', 'QUEUE_SORTED', 'Patient sorted', 'Priority Agent placed GE-1011 as LOW with score 14.', 'AGENT', now() - interval '12579 minutes');
insert into patient_timeline_event (id, patient_id, intake_id, actor_staff_user_id, department, event_type, title, description, source, created_at) values ('63000000-0000-4000-8000-000000000011', '10000000-0000-4000-8000-000000000011', '20000000-0000-4000-8000-000000000011', null, 'General', 'MEDICAL_RESEARCH', 'Medical research saved', 'Medical Research Agent researched "Upper respiratory tract infection", wrote a briefing, and attached source links to the patient thread.', 'AGENT', now() - interval '12577 minutes');
insert into patient_timeline_event (id, patient_id, intake_id, actor_staff_user_id, department, event_type, title, description, source, created_at) values ('64000000-0000-4000-8000-000000000011', '10000000-0000-4000-8000-000000000011', '20000000-0000-4000-8000-000000000011', 'd0c70000-0000-4000-8000-000000000002', 'General', 'DOCTOR_ASSIGNED', 'Doctor assigned', 'Assignment Agent assigned Dr. Neha Sharma to GE-1011. General Medicine match for persistent cough and mild fever; balanced across the roster.', 'AGENT', now() - interval '12576 minutes');
insert into patient_timeline_event (id, patient_id, intake_id, actor_staff_user_id, department, event_type, title, description, source, created_at) values ('65000000-0000-4000-8000-000000000011', '10000000-0000-4000-8000-000000000011', '20000000-0000-4000-8000-000000000011', null, 'General', 'DOCTOR_NOTIFIED', 'Care team notified', 'Notification Agent alerted Dr. Neha Sharma and the General desk about GE-1011.', 'AGENT', now() - interval '12575 minutes');
insert into patient_timeline_event (id, patient_id, intake_id, actor_staff_user_id, department, event_type, title, description, source, created_at) values ('66000000-0000-4000-8000-000000000011', '10000000-0000-4000-8000-000000000011', '20000000-0000-4000-8000-000000000011', 'd0c70000-0000-4000-8000-000000000002', 'General', 'STATUS_CHANGED', 'Treatment started', 'Dr. Neha Sharma moved GE-1011 to IN_TREATMENT.', 'STAFF', now() - interval '12535 minutes');
insert into patient_timeline_event (id, patient_id, intake_id, actor_staff_user_id, department, event_type, title, description, source, created_at) values ('67000000-0000-4000-8000-000000000011', '10000000-0000-4000-8000-000000000011', '20000000-0000-4000-8000-000000000011', 'd0c70000-0000-4000-8000-000000000002', 'General', 'STATUS_CHANGED', 'Patient discharged', 'Dr. Neha Sharma discharged GE-1011 after treatment.', 'STAFF', now() - interval '12389 minutes');
insert into patient_thread_comment (id, patient_id, intake_id, author_name, body, created_at) values ('70000000-0000-4000-8000-000000000011', '10000000-0000-4000-8000-000000000011', '20000000-0000-4000-8000-000000000011', 'Medical Research Agent', 'Medical research briefing for Persistent cough and mild fever (automated online research):

- Upper respiratory tract infection: Symptomatic care; return if breathing worsens.
- Watch for: cough, mild fever.
- Suggested tests: Clinical assessment.

Sources:
- [PubMed] Clinical overview of Upper respiratory tract infection (https://pubmed.ncbi.nlm.nih.gov/)
- [ICMR] Indian clinical guidance on Upper respiratory tract infection (https://www.icmr.gov.in/)', now() - interval '12577 minutes');

-- Patient GE-1012 — High fever, body ache and rash (HIGH, DISCHARGED) -> Dr. Sanjay Gupta
insert into patient (id, display_id, age_band, created_at) values ('10000000-0000-4000-8000-000000000012', 'GE-1012', 'OLDER_ADULT', now() - interval '36489 minutes');
insert into intake (id, patient_id, arrival_timestamp, arrival_mode, chief_complaint, pain_level, age, height_cm, weight_kg, temperature_c, heart_rate, systolic_pressure, diastolic_pressure, respiratory_rate, oxygen_saturation, chest_pain, breathing_difficulty, altered_mental_state, severe_bleeding, pregnancy, pediatric_risk, fall_or_trauma, immunocompromised, department, current_status, created_at, updated_at) values ('20000000-0000-4000-8000-000000000012', '10000000-0000-4000-8000-000000000012', now() - interval '36489 minutes', 'WALK_IN', 'High fever, body ache and rash', 8, 73, 157, 63, 38.67, 115, 126, 81, 24, 96, false, false, false, false, false, false, false, false, 'General', 'DISCHARGED', now() - interval '36489 minutes', now() - interval '36429 minutes');
insert into intake_structured_symptoms (intake_id, symptom) values ('20000000-0000-4000-8000-000000000012', 'high fever');
insert into intake_structured_symptoms (intake_id, symptom) values ('20000000-0000-4000-8000-000000000012', 'body ache');
insert into intake_structured_symptoms (intake_id, symptom) values ('20000000-0000-4000-8000-000000000012', 'headache');
insert into intake_structured_symptoms (intake_id, symptom) values ('20000000-0000-4000-8000-000000000012', 'rash');
insert into urgency_assessment (id, patient_id, intake_id, final_category, final_score, suggested_category, suggested_score, structured_symptom_summary, staff_facing_explanation, confidence_level, suggested_diagnosis, medical_attention_note, assessed_at) values ('30000000-0000-4000-8000-000000000012', '10000000-0000-4000-8000-000000000012', '20000000-0000-4000-8000-000000000012', 'HIGH', 83, 'HIGH', 83, 'Adult patient presenting with high fever, body ache, headache, rash.', 'Triaged HIGH (score 83). Monitor platelets and hydration; dengue is seasonally prevalent locally.', 'HIGH', 'Suspected dengue fever', 'Monitor platelets and hydration; dengue is seasonally prevalent locally.', now() - interval '36487 minutes');
insert into urgency_score_factors (assessment_id, factor) values ('30000000-0000-4000-8000-000000000012', 'Abnormal vital signs');
insert into urgency_score_factors (assessment_id, factor) values ('30000000-0000-4000-8000-000000000012', 'Chief complaint: High fever, body ache and rash');
insert into care_team_assignment (id, patient_id, intake_id, assigned_doctor_id, department, assignment_reason, active, assigned_at) values ('50000000-0000-4000-8000-000000000012', '10000000-0000-4000-8000-000000000012', '20000000-0000-4000-8000-000000000012', 'd0c70000-0000-4000-8000-000000000003', 'General', 'General Medicine match for high fever, body ache and rash; balanced across the roster.', false, now() - interval '36485 minutes');
insert into patient_timeline_event (id, patient_id, intake_id, actor_staff_user_id, department, event_type, title, description, source, created_at) values ('61000000-0000-4000-8000-000000000012', '10000000-0000-4000-8000-000000000012', '20000000-0000-4000-8000-000000000012', '77777777-7777-7777-7777-777777777777', 'General', 'INTAKE_INGESTED', 'Intake ingested', 'Nina Patel created the intake for GE-1012.', 'STAFF', now() - interval '36489 minutes');
insert into patient_timeline_event (id, patient_id, intake_id, actor_staff_user_id, department, event_type, title, description, source, created_at) values ('62000000-0000-4000-8000-000000000012', '10000000-0000-4000-8000-000000000012', '20000000-0000-4000-8000-000000000012', null, 'General', 'QUEUE_SORTED', 'Patient sorted', 'Priority Agent placed GE-1012 as HIGH with score 83.', 'AGENT', now() - interval '36488 minutes');
insert into patient_timeline_event (id, patient_id, intake_id, actor_staff_user_id, department, event_type, title, description, source, created_at) values ('63000000-0000-4000-8000-000000000012', '10000000-0000-4000-8000-000000000012', '20000000-0000-4000-8000-000000000012', null, 'General', 'MEDICAL_RESEARCH', 'Medical research saved', 'Medical Research Agent researched "Suspected dengue fever", wrote a briefing, and attached source links to the patient thread.', 'AGENT', now() - interval '36486 minutes');
insert into patient_timeline_event (id, patient_id, intake_id, actor_staff_user_id, department, event_type, title, description, source, created_at) values ('64000000-0000-4000-8000-000000000012', '10000000-0000-4000-8000-000000000012', '20000000-0000-4000-8000-000000000012', 'd0c70000-0000-4000-8000-000000000003', 'General', 'DOCTOR_ASSIGNED', 'Doctor assigned', 'Assignment Agent assigned Dr. Sanjay Gupta to GE-1012. General Medicine match for high fever, body ache and rash; balanced across the roster.', 'AGENT', now() - interval '36485 minutes');
insert into patient_timeline_event (id, patient_id, intake_id, actor_staff_user_id, department, event_type, title, description, source, created_at) values ('65000000-0000-4000-8000-000000000012', '10000000-0000-4000-8000-000000000012', '20000000-0000-4000-8000-000000000012', null, 'General', 'DOCTOR_NOTIFIED', 'Care team notified', 'Notification Agent alerted Dr. Sanjay Gupta and the General desk about GE-1012.', 'AGENT', now() - interval '36484 minutes');
insert into patient_timeline_event (id, patient_id, intake_id, actor_staff_user_id, department, event_type, title, description, source, created_at) values ('66000000-0000-4000-8000-000000000012', '10000000-0000-4000-8000-000000000012', '20000000-0000-4000-8000-000000000012', 'd0c70000-0000-4000-8000-000000000003', 'General', 'STATUS_CHANGED', 'Treatment started', 'Dr. Sanjay Gupta moved GE-1012 to IN_TREATMENT.', 'STAFF', now() - interval '36456 minutes');
insert into patient_timeline_event (id, patient_id, intake_id, actor_staff_user_id, department, event_type, title, description, source, created_at) values ('67000000-0000-4000-8000-000000000012', '10000000-0000-4000-8000-000000000012', '20000000-0000-4000-8000-000000000012', 'd0c70000-0000-4000-8000-000000000003', 'General', 'STATUS_CHANGED', 'Patient discharged', 'Dr. Sanjay Gupta discharged GE-1012 after treatment.', 'STAFF', now() - interval '36323 minutes');
insert into patient_thread_comment (id, patient_id, intake_id, author_name, body, created_at) values ('70000000-0000-4000-8000-000000000012', '10000000-0000-4000-8000-000000000012', '20000000-0000-4000-8000-000000000012', 'Medical Research Agent', 'Medical research briefing for High fever, body ache and rash (automated online research):

- Suspected dengue fever: Monitor platelets and hydration; dengue is seasonally prevalent locally.
- Watch for: high fever, body ache, headache, rash.
- Suggested tests: CBC with platelet count, NS1 antigen, Dengue serology.

Sources:
- [PubMed] Clinical overview of Suspected dengue fever (https://pubmed.ncbi.nlm.nih.gov/)
- [ICMR] Indian clinical guidance on Suspected dengue fever (https://www.icmr.gov.in/)', now() - interval '36486 minutes');

-- Patient EM-1013 — Deep laceration with bleeding (HIGH, DISCHARGED) -> Dr. Anika Shah
insert into patient (id, display_id, age_band, created_at) values ('10000000-0000-4000-8000-000000000013', 'EM-1013', 'ADULT', now() - interval '25118 minutes');
insert into intake (id, patient_id, arrival_timestamp, arrival_mode, chief_complaint, pain_level, age, height_cm, weight_kg, temperature_c, heart_rate, systolic_pressure, diastolic_pressure, respiratory_rate, oxygen_saturation, chest_pain, breathing_difficulty, altered_mental_state, severe_bleeding, pregnancy, pediatric_risk, fall_or_trauma, immunocompromised, department, current_status, created_at, updated_at) values ('20000000-0000-4000-8000-000000000013', '10000000-0000-4000-8000-000000000013', now() - interval '25118 minutes', 'TRANSFER', 'Deep laceration with bleeding', 7, 53, 167, 67, 36.57, 101, 132, 80, 21, 96, false, false, false, true, false, false, false, false, 'Emergency', 'DISCHARGED', now() - interval '25118 minutes', now() - interval '25058 minutes');
insert into intake_structured_symptoms (intake_id, symptom) values ('20000000-0000-4000-8000-000000000013', 'bleeding');
insert into intake_structured_symptoms (intake_id, symptom) values ('20000000-0000-4000-8000-000000000013', 'wound');
insert into urgency_assessment (id, patient_id, intake_id, final_category, final_score, suggested_category, suggested_score, structured_symptom_summary, staff_facing_explanation, confidence_level, suggested_diagnosis, medical_attention_note, assessed_at) values ('30000000-0000-4000-8000-000000000013', '10000000-0000-4000-8000-000000000013', '20000000-0000-4000-8000-000000000013', 'HIGH', 77, 'HIGH', 77, 'Adult patient presenting with bleeding, wound.', 'Triaged HIGH (score 77). Apply pressure, assess depth and neurovascular status.', 'HIGH', 'Laceration requiring repair', 'Apply pressure, assess depth and neurovascular status.', now() - interval '25116 minutes');
insert into urgency_score_factors (assessment_id, factor) values ('30000000-0000-4000-8000-000000000013', 'Abnormal vital signs');
insert into urgency_score_factors (assessment_id, factor) values ('30000000-0000-4000-8000-000000000013', 'Chief complaint: Deep laceration with bleeding');
insert into urgency_red_flags (assessment_id, red_flag) values ('30000000-0000-4000-8000-000000000013', 'Severe bleeding');
insert into care_team_assignment (id, patient_id, intake_id, assigned_doctor_id, department, assignment_reason, active, assigned_at) values ('50000000-0000-4000-8000-000000000013', '10000000-0000-4000-8000-000000000013', '20000000-0000-4000-8000-000000000013', 'aaaaaaaa-aaaa-aaaa-aaaa-aaaaaaaaaaaa', 'Emergency', 'Emergency Medicine match for deep laceration with bleeding; balanced across the roster.', false, now() - interval '25114 minutes');
insert into patient_timeline_event (id, patient_id, intake_id, actor_staff_user_id, department, event_type, title, description, source, created_at) values ('61000000-0000-4000-8000-000000000013', '10000000-0000-4000-8000-000000000013', '20000000-0000-4000-8000-000000000013', '77777777-7777-7777-7777-777777777777', 'Emergency', 'INTAKE_INGESTED', 'Intake ingested', 'Nina Patel created the intake for EM-1013.', 'STAFF', now() - interval '25118 minutes');
insert into patient_timeline_event (id, patient_id, intake_id, actor_staff_user_id, department, event_type, title, description, source, created_at) values ('62000000-0000-4000-8000-000000000013', '10000000-0000-4000-8000-000000000013', '20000000-0000-4000-8000-000000000013', null, 'Emergency', 'QUEUE_SORTED', 'Patient sorted', 'Priority Agent placed EM-1013 as HIGH with score 77.', 'AGENT', now() - interval '25117 minutes');
insert into patient_timeline_event (id, patient_id, intake_id, actor_staff_user_id, department, event_type, title, description, source, created_at) values ('63000000-0000-4000-8000-000000000013', '10000000-0000-4000-8000-000000000013', '20000000-0000-4000-8000-000000000013', null, 'Emergency', 'MEDICAL_RESEARCH', 'Medical research saved', 'Medical Research Agent researched "Laceration requiring repair", wrote a briefing, and attached source links to the patient thread.', 'AGENT', now() - interval '25115 minutes');
insert into patient_timeline_event (id, patient_id, intake_id, actor_staff_user_id, department, event_type, title, description, source, created_at) values ('64000000-0000-4000-8000-000000000013', '10000000-0000-4000-8000-000000000013', '20000000-0000-4000-8000-000000000013', 'aaaaaaaa-aaaa-aaaa-aaaa-aaaaaaaaaaaa', 'Emergency', 'DOCTOR_ASSIGNED', 'Doctor assigned', 'Assignment Agent assigned Dr. Anika Shah to EM-1013. Emergency Medicine match for deep laceration with bleeding; balanced across the roster.', 'AGENT', now() - interval '25114 minutes');
insert into patient_timeline_event (id, patient_id, intake_id, actor_staff_user_id, department, event_type, title, description, source, created_at) values ('65000000-0000-4000-8000-000000000013', '10000000-0000-4000-8000-000000000013', '20000000-0000-4000-8000-000000000013', null, 'Emergency', 'DOCTOR_NOTIFIED', 'Care team notified', 'Notification Agent alerted Dr. Anika Shah and the Emergency desk about EM-1013.', 'AGENT', now() - interval '25113 minutes');
insert into patient_timeline_event (id, patient_id, intake_id, actor_staff_user_id, department, event_type, title, description, source, created_at) values ('66000000-0000-4000-8000-000000000013', '10000000-0000-4000-8000-000000000013', '20000000-0000-4000-8000-000000000013', 'aaaaaaaa-aaaa-aaaa-aaaa-aaaaaaaaaaaa', 'Emergency', 'STATUS_CHANGED', 'Treatment started', 'Dr. Anika Shah moved EM-1013 to IN_TREATMENT.', 'STAFF', now() - interval '25069 minutes');
insert into patient_timeline_event (id, patient_id, intake_id, actor_staff_user_id, department, event_type, title, description, source, created_at) values ('67000000-0000-4000-8000-000000000013', '10000000-0000-4000-8000-000000000013', '20000000-0000-4000-8000-000000000013', 'aaaaaaaa-aaaa-aaaa-aaaa-aaaaaaaaaaaa', 'Emergency', 'STATUS_CHANGED', 'Patient discharged', 'Dr. Anika Shah discharged EM-1013 after treatment.', 'STAFF', now() - interval '25036 minutes');
insert into patient_thread_comment (id, patient_id, intake_id, author_name, body, created_at) values ('70000000-0000-4000-8000-000000000013', '10000000-0000-4000-8000-000000000013', '20000000-0000-4000-8000-000000000013', 'Medical Research Agent', 'Medical research briefing for Deep laceration with bleeding (automated online research):

- Laceration requiring repair: Apply pressure, assess depth and neurovascular status.
- Watch for: bleeding, wound.
- Suggested tests: Wound assessment, Tetanus status review.

Sources:
- [PubMed] Clinical overview of Laceration requiring repair (https://pubmed.ncbi.nlm.nih.gov/)
- [ICMR] Indian clinical guidance on Laceration requiring repair (https://www.icmr.gov.in/)', now() - interval '25115 minutes');

-- Patient EM-1014 — Sudden slurred speech and facial droop (CRITICAL, DISCHARGED) -> Dr. Vikram Desai
insert into patient (id, display_id, age_band, created_at) values ('10000000-0000-4000-8000-000000000014', 'EM-1014', 'ADULT', now() - interval '18055 minutes');
insert into intake (id, patient_id, arrival_timestamp, arrival_mode, chief_complaint, pain_level, age, height_cm, weight_kg, temperature_c, heart_rate, systolic_pressure, diastolic_pressure, respiratory_rate, oxygen_saturation, chest_pain, breathing_difficulty, altered_mental_state, severe_bleeding, pregnancy, pediatric_risk, fall_or_trauma, immunocompromised, department, current_status, created_at, updated_at) values ('20000000-0000-4000-8000-000000000014', '10000000-0000-4000-8000-000000000014', now() - interval '18055 minutes', 'AMBULANCE', 'Sudden slurred speech and facial droop', 8, 27, 158, 64, 37.40, 131, 135, 81, 30, 83, false, false, true, false, false, false, false, false, 'Emergency', 'DISCHARGED', now() - interval '18055 minutes', now() - interval '17995 minutes');
insert into intake_structured_symptoms (intake_id, symptom) values ('20000000-0000-4000-8000-000000000014', 'slurred speech');
insert into intake_structured_symptoms (intake_id, symptom) values ('20000000-0000-4000-8000-000000000014', 'facial droop');
insert into intake_structured_symptoms (intake_id, symptom) values ('20000000-0000-4000-8000-000000000014', 'weakness');
insert into urgency_assessment (id, patient_id, intake_id, final_category, final_score, suggested_category, suggested_score, structured_symptom_summary, staff_facing_explanation, confidence_level, suggested_diagnosis, medical_attention_note, assessed_at) values ('30000000-0000-4000-8000-000000000014', '10000000-0000-4000-8000-000000000014', '20000000-0000-4000-8000-000000000014', 'CRITICAL', 91, 'CRITICAL', 91, 'Adult patient presenting with slurred speech, facial droop, weakness.', 'Triaged CRITICAL (score 91). Activate stroke pathway; document last-known-well time.', 'MEDIUM', 'Possible acute stroke', 'Activate stroke pathway; document last-known-well time.', now() - interval '18053 minutes');
insert into urgency_score_factors (assessment_id, factor) values ('30000000-0000-4000-8000-000000000014', 'Abnormal vital signs');
insert into urgency_score_factors (assessment_id, factor) values ('30000000-0000-4000-8000-000000000014', 'Chief complaint: Sudden slurred speech and facial droop');
insert into urgency_score_factors (assessment_id, factor) values ('30000000-0000-4000-8000-000000000014', 'Low oxygen saturation');
insert into urgency_red_flags (assessment_id, red_flag) values ('30000000-0000-4000-8000-000000000014', 'Altered mental state');
insert into care_team_assignment (id, patient_id, intake_id, assigned_doctor_id, department, assignment_reason, active, assigned_at) values ('50000000-0000-4000-8000-000000000014', '10000000-0000-4000-8000-000000000014', '20000000-0000-4000-8000-000000000014', 'd0c70000-0000-4000-8000-000000000006', 'Emergency', 'Neurology match for sudden slurred speech and facial droop; balanced across the roster.', false, now() - interval '18051 minutes');
insert into patient_timeline_event (id, patient_id, intake_id, actor_staff_user_id, department, event_type, title, description, source, created_at) values ('61000000-0000-4000-8000-000000000014', '10000000-0000-4000-8000-000000000014', '20000000-0000-4000-8000-000000000014', '77777777-7777-7777-7777-777777777777', 'Emergency', 'INTAKE_INGESTED', 'Intake ingested', 'Nina Patel created the intake for EM-1014.', 'STAFF', now() - interval '18055 minutes');
insert into patient_timeline_event (id, patient_id, intake_id, actor_staff_user_id, department, event_type, title, description, source, created_at) values ('62000000-0000-4000-8000-000000000014', '10000000-0000-4000-8000-000000000014', '20000000-0000-4000-8000-000000000014', null, 'Emergency', 'QUEUE_SORTED', 'Patient sorted', 'Priority Agent placed EM-1014 as CRITICAL with score 91.', 'AGENT', now() - interval '18054 minutes');
insert into patient_timeline_event (id, patient_id, intake_id, actor_staff_user_id, department, event_type, title, description, source, created_at) values ('63000000-0000-4000-8000-000000000014', '10000000-0000-4000-8000-000000000014', '20000000-0000-4000-8000-000000000014', null, 'Emergency', 'MEDICAL_RESEARCH', 'Medical research saved', 'Medical Research Agent researched "Possible acute stroke", wrote a briefing, and attached source links to the patient thread.', 'AGENT', now() - interval '18052 minutes');
insert into patient_timeline_event (id, patient_id, intake_id, actor_staff_user_id, department, event_type, title, description, source, created_at) values ('64000000-0000-4000-8000-000000000014', '10000000-0000-4000-8000-000000000014', '20000000-0000-4000-8000-000000000014', 'd0c70000-0000-4000-8000-000000000006', 'Emergency', 'DOCTOR_ASSIGNED', 'Doctor assigned', 'Assignment Agent assigned Dr. Vikram Desai to EM-1014. Neurology match for sudden slurred speech and facial droop; balanced across the roster.', 'AGENT', now() - interval '18051 minutes');
insert into patient_timeline_event (id, patient_id, intake_id, actor_staff_user_id, department, event_type, title, description, source, created_at) values ('65000000-0000-4000-8000-000000000014', '10000000-0000-4000-8000-000000000014', '20000000-0000-4000-8000-000000000014', null, 'Emergency', 'DOCTOR_NOTIFIED', 'Care team notified', 'Notification Agent alerted Dr. Vikram Desai and the Emergency desk about EM-1014.', 'AGENT', now() - interval '18050 minutes');
insert into patient_timeline_event (id, patient_id, intake_id, actor_staff_user_id, department, event_type, title, description, source, created_at) values ('66000000-0000-4000-8000-000000000014', '10000000-0000-4000-8000-000000000014', '20000000-0000-4000-8000-000000000014', 'd0c70000-0000-4000-8000-000000000006', 'Emergency', 'STATUS_CHANGED', 'Treatment started', 'Dr. Vikram Desai moved EM-1014 to IN_TREATMENT.', 'STAFF', now() - interval '18022 minutes');
insert into patient_timeline_event (id, patient_id, intake_id, actor_staff_user_id, department, event_type, title, description, source, created_at) values ('67000000-0000-4000-8000-000000000014', '10000000-0000-4000-8000-000000000014', '20000000-0000-4000-8000-000000000014', 'd0c70000-0000-4000-8000-000000000006', 'Emergency', 'STATUS_CHANGED', 'Patient discharged', 'Dr. Vikram Desai discharged EM-1014 after treatment.', 'STAFF', now() - interval '17977 minutes');
insert into patient_thread_comment (id, patient_id, intake_id, author_name, body, created_at) values ('70000000-0000-4000-8000-000000000014', '10000000-0000-4000-8000-000000000014', '20000000-0000-4000-8000-000000000014', 'Medical Research Agent', 'Medical research briefing for Sudden slurred speech and facial droop (automated online research):

- Possible acute stroke: Activate stroke pathway; document last-known-well time.
- Watch for: slurred speech, facial droop, weakness.
- Suggested tests: Non-contrast CT head, Blood glucose, NIHSS assessment.

Sources:
- [PubMed] Clinical overview of Possible acute stroke (https://pubmed.ncbi.nlm.nih.gov/)
- [ICMR] Indian clinical guidance on Possible acute stroke (https://www.icmr.gov.in/)', now() - interval '18052 minutes');

-- Patient EM-1015 — Palpitations and dizziness (MEDIUM, DISCHARGED) -> Dr. Mateo Rivera
insert into patient (id, display_id, age_band, created_at) values ('10000000-0000-4000-8000-000000000015', 'EM-1015', 'ADULT', now() - interval '19290 minutes');
insert into intake (id, patient_id, arrival_timestamp, arrival_mode, chief_complaint, pain_level, age, height_cm, weight_kg, temperature_c, heart_rate, systolic_pressure, diastolic_pressure, respiratory_rate, oxygen_saturation, chest_pain, breathing_difficulty, altered_mental_state, severe_bleeding, pregnancy, pediatric_risk, fall_or_trauma, immunocompromised, department, current_status, created_at, updated_at) values ('20000000-0000-4000-8000-000000000015', '10000000-0000-4000-8000-000000000015', now() - interval '19290 minutes', 'WALK_IN', 'Palpitations and dizziness', 5, 53, 152, 67, 36.47, 89, 114, 79, 19, 99, false, false, false, false, false, false, false, false, 'Emergency', 'DISCHARGED', now() - interval '19290 minutes', now() - interval '19230 minutes');
insert into intake_structured_symptoms (intake_id, symptom) values ('20000000-0000-4000-8000-000000000015', 'palpitations');
insert into intake_structured_symptoms (intake_id, symptom) values ('20000000-0000-4000-8000-000000000015', 'dizziness');
insert into urgency_assessment (id, patient_id, intake_id, final_category, final_score, suggested_category, suggested_score, structured_symptom_summary, staff_facing_explanation, confidence_level, suggested_diagnosis, medical_attention_note, assessed_at) values ('30000000-0000-4000-8000-000000000015', '10000000-0000-4000-8000-000000000015', '20000000-0000-4000-8000-000000000015', 'MEDIUM', 61, 'MEDIUM', 61, 'Adult patient presenting with palpitations, dizziness.', 'Triaged MEDIUM (score 61). Continuous monitoring if palpitations recur.', 'MEDIUM', 'Possible arrhythmia', 'Continuous monitoring if palpitations recur.', now() - interval '19288 minutes');
insert into urgency_score_factors (assessment_id, factor) values ('30000000-0000-4000-8000-000000000015', 'Chief complaint: Palpitations and dizziness');
insert into care_team_assignment (id, patient_id, intake_id, assigned_doctor_id, department, assignment_reason, active, assigned_at) values ('50000000-0000-4000-8000-000000000015', '10000000-0000-4000-8000-000000000015', '20000000-0000-4000-8000-000000000015', 'bbbbbbbb-bbbb-bbbb-bbbb-bbbbbbbbbbbb', 'Emergency', 'Cardiology match for palpitations and dizziness; balanced across the roster.', false, now() - interval '19286 minutes');
insert into patient_timeline_event (id, patient_id, intake_id, actor_staff_user_id, department, event_type, title, description, source, created_at) values ('61000000-0000-4000-8000-000000000015', '10000000-0000-4000-8000-000000000015', '20000000-0000-4000-8000-000000000015', '77777777-7777-7777-7777-777777777777', 'Emergency', 'INTAKE_INGESTED', 'Intake ingested', 'Nina Patel created the intake for EM-1015.', 'STAFF', now() - interval '19290 minutes');
insert into patient_timeline_event (id, patient_id, intake_id, actor_staff_user_id, department, event_type, title, description, source, created_at) values ('62000000-0000-4000-8000-000000000015', '10000000-0000-4000-8000-000000000015', '20000000-0000-4000-8000-000000000015', null, 'Emergency', 'QUEUE_SORTED', 'Patient sorted', 'Priority Agent placed EM-1015 as MEDIUM with score 61.', 'AGENT', now() - interval '19289 minutes');
insert into patient_timeline_event (id, patient_id, intake_id, actor_staff_user_id, department, event_type, title, description, source, created_at) values ('63000000-0000-4000-8000-000000000015', '10000000-0000-4000-8000-000000000015', '20000000-0000-4000-8000-000000000015', null, 'Emergency', 'MEDICAL_RESEARCH', 'Medical research saved', 'Medical Research Agent researched "Possible arrhythmia", wrote a briefing, and attached source links to the patient thread.', 'AGENT', now() - interval '19287 minutes');
insert into patient_timeline_event (id, patient_id, intake_id, actor_staff_user_id, department, event_type, title, description, source, created_at) values ('64000000-0000-4000-8000-000000000015', '10000000-0000-4000-8000-000000000015', '20000000-0000-4000-8000-000000000015', 'bbbbbbbb-bbbb-bbbb-bbbb-bbbbbbbbbbbb', 'Emergency', 'DOCTOR_ASSIGNED', 'Doctor assigned', 'Assignment Agent assigned Dr. Mateo Rivera to EM-1015. Cardiology match for palpitations and dizziness; balanced across the roster.', 'AGENT', now() - interval '19286 minutes');
insert into patient_timeline_event (id, patient_id, intake_id, actor_staff_user_id, department, event_type, title, description, source, created_at) values ('65000000-0000-4000-8000-000000000015', '10000000-0000-4000-8000-000000000015', '20000000-0000-4000-8000-000000000015', null, 'Emergency', 'DOCTOR_NOTIFIED', 'Care team notified', 'Notification Agent alerted Dr. Mateo Rivera and the Emergency desk about EM-1015.', 'AGENT', now() - interval '19285 minutes');
insert into patient_timeline_event (id, patient_id, intake_id, actor_staff_user_id, department, event_type, title, description, source, created_at) values ('66000000-0000-4000-8000-000000000015', '10000000-0000-4000-8000-000000000015', '20000000-0000-4000-8000-000000000015', 'bbbbbbbb-bbbb-bbbb-bbbb-bbbbbbbbbbbb', 'Emergency', 'STATUS_CHANGED', 'Treatment started', 'Dr. Mateo Rivera moved EM-1015 to IN_TREATMENT.', 'STAFF', now() - interval '19247 minutes');
insert into patient_timeline_event (id, patient_id, intake_id, actor_staff_user_id, department, event_type, title, description, source, created_at) values ('67000000-0000-4000-8000-000000000015', '10000000-0000-4000-8000-000000000015', '20000000-0000-4000-8000-000000000015', 'bbbbbbbb-bbbb-bbbb-bbbb-bbbbbbbbbbbb', 'Emergency', 'STATUS_CHANGED', 'Patient discharged', 'Dr. Mateo Rivera discharged EM-1015 after treatment.', 'STAFF', now() - interval '19160 minutes');
insert into patient_thread_comment (id, patient_id, intake_id, author_name, body, created_at) values ('70000000-0000-4000-8000-000000000015', '10000000-0000-4000-8000-000000000015', '20000000-0000-4000-8000-000000000015', 'Medical Research Agent', 'Medical research briefing for Palpitations and dizziness (automated online research):

- Possible arrhythmia: Continuous monitoring if palpitations recur.
- Watch for: palpitations, dizziness.
- Suggested tests: 12-lead ECG, Electrolytes, Thyroid panel.

Sources:
- [PubMed] Clinical overview of Possible arrhythmia (https://pubmed.ncbi.nlm.nih.gov/)
- [ICMR] Indian clinical guidance on Possible arrhythmia (https://www.icmr.gov.in/)', now() - interval '19287 minutes');

-- Patient EM-1016 — Chest pain radiating to the left arm (CRITICAL, DISCHARGED) -> Dr. Mateo Rivera
insert into patient (id, display_id, age_band, created_at) values ('10000000-0000-4000-8000-000000000016', 'EM-1016', 'ADULT', now() - interval '9038 minutes');
insert into intake (id, patient_id, arrival_timestamp, arrival_mode, chief_complaint, pain_level, age, height_cm, weight_kg, temperature_c, heart_rate, systolic_pressure, diastolic_pressure, respiratory_rate, oxygen_saturation, chest_pain, breathing_difficulty, altered_mental_state, severe_bleeding, pregnancy, pediatric_risk, fall_or_trauma, immunocompromised, department, current_status, created_at, updated_at) values ('20000000-0000-4000-8000-000000000016', '10000000-0000-4000-8000-000000000016', now() - interval '9038 minutes', 'AMBULANCE', 'Chest pain radiating to the left arm', 10, 35, 184, 88, 37.42, 126, 90, 71, 30, 91, true, false, false, false, false, false, false, false, 'Emergency', 'DISCHARGED', now() - interval '9038 minutes', now() - interval '8978 minutes');
insert into intake_structured_symptoms (intake_id, symptom) values ('20000000-0000-4000-8000-000000000016', 'chest pain');
insert into intake_structured_symptoms (intake_id, symptom) values ('20000000-0000-4000-8000-000000000016', 'sweating');
insert into intake_structured_symptoms (intake_id, symptom) values ('20000000-0000-4000-8000-000000000016', 'shortness of breath');
insert into urgency_assessment (id, patient_id, intake_id, final_category, final_score, suggested_category, suggested_score, structured_symptom_summary, staff_facing_explanation, confidence_level, suggested_diagnosis, medical_attention_note, assessed_at) values ('30000000-0000-4000-8000-000000000016', '10000000-0000-4000-8000-000000000016', '20000000-0000-4000-8000-000000000016', 'CRITICAL', 97, 'CRITICAL', 97, 'Adult patient presenting with chest pain, sweating, shortness of breath.', 'Triaged CRITICAL (score 97). Time-critical: rule out myocardial infarction; continuous cardiac monitoring advised.', 'HIGH', 'Possible acute coronary syndrome', 'Time-critical: rule out myocardial infarction; continuous cardiac monitoring advised.', now() - interval '9036 minutes');
insert into urgency_score_factors (assessment_id, factor) values ('30000000-0000-4000-8000-000000000016', 'Abnormal vital signs');
insert into urgency_score_factors (assessment_id, factor) values ('30000000-0000-4000-8000-000000000016', 'Chief complaint: Chest pain radiating to the left arm');
insert into urgency_score_factors (assessment_id, factor) values ('30000000-0000-4000-8000-000000000016', 'Low oxygen saturation');
insert into urgency_red_flags (assessment_id, red_flag) values ('30000000-0000-4000-8000-000000000016', 'Chest pain');
insert into care_team_assignment (id, patient_id, intake_id, assigned_doctor_id, department, assignment_reason, active, assigned_at) values ('50000000-0000-4000-8000-000000000016', '10000000-0000-4000-8000-000000000016', '20000000-0000-4000-8000-000000000016', 'bbbbbbbb-bbbb-bbbb-bbbb-bbbbbbbbbbbb', 'Emergency', 'Cardiology match for chest pain radiating to the left arm; balanced across the roster.', false, now() - interval '9034 minutes');
insert into patient_timeline_event (id, patient_id, intake_id, actor_staff_user_id, department, event_type, title, description, source, created_at) values ('61000000-0000-4000-8000-000000000016', '10000000-0000-4000-8000-000000000016', '20000000-0000-4000-8000-000000000016', '77777777-7777-7777-7777-777777777777', 'Emergency', 'INTAKE_INGESTED', 'Intake ingested', 'Nina Patel created the intake for EM-1016.', 'STAFF', now() - interval '9038 minutes');
insert into patient_timeline_event (id, patient_id, intake_id, actor_staff_user_id, department, event_type, title, description, source, created_at) values ('62000000-0000-4000-8000-000000000016', '10000000-0000-4000-8000-000000000016', '20000000-0000-4000-8000-000000000016', null, 'Emergency', 'QUEUE_SORTED', 'Patient sorted', 'Priority Agent placed EM-1016 as CRITICAL with score 97.', 'AGENT', now() - interval '9037 minutes');
insert into patient_timeline_event (id, patient_id, intake_id, actor_staff_user_id, department, event_type, title, description, source, created_at) values ('63000000-0000-4000-8000-000000000016', '10000000-0000-4000-8000-000000000016', '20000000-0000-4000-8000-000000000016', null, 'Emergency', 'MEDICAL_RESEARCH', 'Medical research saved', 'Medical Research Agent researched "Possible acute coronary syndrome", wrote a briefing, and attached source links to the patient thread.', 'AGENT', now() - interval '9035 minutes');
insert into patient_timeline_event (id, patient_id, intake_id, actor_staff_user_id, department, event_type, title, description, source, created_at) values ('64000000-0000-4000-8000-000000000016', '10000000-0000-4000-8000-000000000016', '20000000-0000-4000-8000-000000000016', 'bbbbbbbb-bbbb-bbbb-bbbb-bbbbbbbbbbbb', 'Emergency', 'DOCTOR_ASSIGNED', 'Doctor assigned', 'Assignment Agent assigned Dr. Mateo Rivera to EM-1016. Cardiology match for chest pain radiating to the left arm; balanced across the roster.', 'AGENT', now() - interval '9034 minutes');
insert into patient_timeline_event (id, patient_id, intake_id, actor_staff_user_id, department, event_type, title, description, source, created_at) values ('65000000-0000-4000-8000-000000000016', '10000000-0000-4000-8000-000000000016', '20000000-0000-4000-8000-000000000016', null, 'Emergency', 'DOCTOR_NOTIFIED', 'Care team notified', 'Notification Agent alerted Dr. Mateo Rivera and the Emergency desk about EM-1016.', 'AGENT', now() - interval '9033 minutes');
insert into patient_timeline_event (id, patient_id, intake_id, actor_staff_user_id, department, event_type, title, description, source, created_at) values ('66000000-0000-4000-8000-000000000016', '10000000-0000-4000-8000-000000000016', '20000000-0000-4000-8000-000000000016', 'bbbbbbbb-bbbb-bbbb-bbbb-bbbbbbbbbbbb', 'Emergency', 'STATUS_CHANGED', 'Treatment started', 'Dr. Mateo Rivera moved EM-1016 to IN_TREATMENT.', 'STAFF', now() - interval '9010 minutes');
insert into patient_timeline_event (id, patient_id, intake_id, actor_staff_user_id, department, event_type, title, description, source, created_at) values ('67000000-0000-4000-8000-000000000016', '10000000-0000-4000-8000-000000000016', '20000000-0000-4000-8000-000000000016', 'bbbbbbbb-bbbb-bbbb-bbbb-bbbbbbbbbbbb', 'Emergency', 'STATUS_CHANGED', 'Patient discharged', 'Dr. Mateo Rivera discharged EM-1016 after treatment.', 'STAFF', now() - interval '8831 minutes');
insert into patient_thread_comment (id, patient_id, intake_id, author_name, body, created_at) values ('70000000-0000-4000-8000-000000000016', '10000000-0000-4000-8000-000000000016', '20000000-0000-4000-8000-000000000016', 'Medical Research Agent', 'Medical research briefing for Chest pain radiating to the left arm (automated online research):

- Possible acute coronary syndrome: Time-critical: rule out myocardial infarction; continuous cardiac monitoring advised.
- Watch for: chest pain, sweating, shortness of breath.
- Suggested tests: 12-lead ECG, Troponin I/T, Chest X-ray.

Sources:
- [PubMed] Clinical overview of Possible acute coronary syndrome (https://pubmed.ncbi.nlm.nih.gov/)
- [ICMR] Indian clinical guidance on Possible acute coronary syndrome (https://www.icmr.gov.in/)', now() - interval '9035 minutes');

-- Patient OR-1017 — Ankle sprain from sports (LOW, DISCHARGED) -> Dr. Arjun Kapoor
insert into patient (id, display_id, age_band, created_at) values ('10000000-0000-4000-8000-000000000017', 'OR-1017', 'ADULT', now() - interval '16728 minutes');
insert into intake (id, patient_id, arrival_timestamp, arrival_mode, chief_complaint, pain_level, age, height_cm, weight_kg, temperature_c, heart_rate, systolic_pressure, diastolic_pressure, respiratory_rate, oxygen_saturation, chest_pain, breathing_difficulty, altered_mental_state, severe_bleeding, pregnancy, pediatric_risk, fall_or_trauma, immunocompromised, department, current_status, created_at, updated_at) values ('20000000-0000-4000-8000-000000000017', '10000000-0000-4000-8000-000000000017', now() - interval '16728 minutes', 'REFERRAL', 'Ankle sprain from sports', 3, 55, 162, 90, 38.25, 73, 116, 78, 18, 97, false, false, false, false, false, false, true, false, 'Orthopedics', 'DISCHARGED', now() - interval '16728 minutes', now() - interval '16668 minutes');
insert into intake_structured_symptoms (intake_id, symptom) values ('20000000-0000-4000-8000-000000000017', 'ankle pain');
insert into intake_structured_symptoms (intake_id, symptom) values ('20000000-0000-4000-8000-000000000017', 'swelling');
insert into urgency_assessment (id, patient_id, intake_id, final_category, final_score, suggested_category, suggested_score, structured_symptom_summary, staff_facing_explanation, confidence_level, suggested_diagnosis, medical_attention_note, assessed_at) values ('30000000-0000-4000-8000-000000000017', '10000000-0000-4000-8000-000000000017', '20000000-0000-4000-8000-000000000017', 'LOW', 17, 'LOW', 17, 'Adult patient presenting with ankle pain, swelling.', 'Triaged LOW (score 17). RICE protocol; likely soft-tissue injury.', 'HIGH', 'Ankle ligament sprain', 'RICE protocol; likely soft-tissue injury.', now() - interval '16726 minutes');
insert into urgency_score_factors (assessment_id, factor) values ('30000000-0000-4000-8000-000000000017', 'Chief complaint: Ankle sprain from sports');
insert into care_team_assignment (id, patient_id, intake_id, assigned_doctor_id, department, assignment_reason, active, assigned_at) values ('50000000-0000-4000-8000-000000000017', '10000000-0000-4000-8000-000000000017', '20000000-0000-4000-8000-000000000017', 'd0c70000-0000-4000-8000-000000000005', 'Orthopedics', 'Orthopedics match for ankle sprain from sports; balanced across the roster.', false, now() - interval '16724 minutes');
insert into patient_timeline_event (id, patient_id, intake_id, actor_staff_user_id, department, event_type, title, description, source, created_at) values ('61000000-0000-4000-8000-000000000017', '10000000-0000-4000-8000-000000000017', '20000000-0000-4000-8000-000000000017', '77777777-7777-7777-7777-777777777777', 'Orthopedics', 'INTAKE_INGESTED', 'Intake ingested', 'Nina Patel created the intake for OR-1017.', 'STAFF', now() - interval '16728 minutes');
insert into patient_timeline_event (id, patient_id, intake_id, actor_staff_user_id, department, event_type, title, description, source, created_at) values ('62000000-0000-4000-8000-000000000017', '10000000-0000-4000-8000-000000000017', '20000000-0000-4000-8000-000000000017', null, 'Orthopedics', 'QUEUE_SORTED', 'Patient sorted', 'Priority Agent placed OR-1017 as LOW with score 17.', 'AGENT', now() - interval '16727 minutes');
insert into patient_timeline_event (id, patient_id, intake_id, actor_staff_user_id, department, event_type, title, description, source, created_at) values ('63000000-0000-4000-8000-000000000017', '10000000-0000-4000-8000-000000000017', '20000000-0000-4000-8000-000000000017', null, 'Orthopedics', 'MEDICAL_RESEARCH', 'Medical research saved', 'Medical Research Agent researched "Ankle ligament sprain", wrote a briefing, and attached source links to the patient thread.', 'AGENT', now() - interval '16725 minutes');
insert into patient_timeline_event (id, patient_id, intake_id, actor_staff_user_id, department, event_type, title, description, source, created_at) values ('64000000-0000-4000-8000-000000000017', '10000000-0000-4000-8000-000000000017', '20000000-0000-4000-8000-000000000017', 'd0c70000-0000-4000-8000-000000000005', 'Orthopedics', 'DOCTOR_ASSIGNED', 'Doctor assigned', 'Assignment Agent assigned Dr. Arjun Kapoor to OR-1017. Orthopedics match for ankle sprain from sports; balanced across the roster.', 'AGENT', now() - interval '16724 minutes');
insert into patient_timeline_event (id, patient_id, intake_id, actor_staff_user_id, department, event_type, title, description, source, created_at) values ('65000000-0000-4000-8000-000000000017', '10000000-0000-4000-8000-000000000017', '20000000-0000-4000-8000-000000000017', null, 'Orthopedics', 'DOCTOR_NOTIFIED', 'Care team notified', 'Notification Agent alerted Dr. Arjun Kapoor and the Orthopedics desk about OR-1017.', 'AGENT', now() - interval '16723 minutes');
insert into patient_timeline_event (id, patient_id, intake_id, actor_staff_user_id, department, event_type, title, description, source, created_at) values ('66000000-0000-4000-8000-000000000017', '10000000-0000-4000-8000-000000000017', '20000000-0000-4000-8000-000000000017', 'd0c70000-0000-4000-8000-000000000005', 'Orthopedics', 'STATUS_CHANGED', 'Treatment started', 'Dr. Arjun Kapoor moved OR-1017 to IN_TREATMENT.', 'STAFF', now() - interval '16669 minutes');
insert into patient_timeline_event (id, patient_id, intake_id, actor_staff_user_id, department, event_type, title, description, source, created_at) values ('67000000-0000-4000-8000-000000000017', '10000000-0000-4000-8000-000000000017', '20000000-0000-4000-8000-000000000017', 'd0c70000-0000-4000-8000-000000000005', 'Orthopedics', 'STATUS_CHANGED', 'Patient discharged', 'Dr. Arjun Kapoor discharged OR-1017 after treatment.', 'STAFF', now() - interval '16619 minutes');
insert into patient_thread_comment (id, patient_id, intake_id, author_name, body, created_at) values ('70000000-0000-4000-8000-000000000017', '10000000-0000-4000-8000-000000000017', '20000000-0000-4000-8000-000000000017', 'Medical Research Agent', 'Medical research briefing for Ankle sprain from sports (automated online research):

- Ankle ligament sprain: RICE protocol; likely soft-tissue injury.
- Watch for: ankle pain, swelling.
- Suggested tests: Ankle X-ray if Ottawa criteria met.

Sources:
- [PubMed] Clinical overview of Ankle ligament sprain (https://pubmed.ncbi.nlm.nih.gov/)
- [ICMR] Indian clinical guidance on Ankle ligament sprain (https://www.icmr.gov.in/)', now() - interval '16725 minutes');

-- Patient GE-1018 — Routine medication refill (LOW, DISCHARGED) -> Dr. Neha Sharma
insert into patient (id, display_id, age_band, created_at) values ('10000000-0000-4000-8000-000000000018', 'GE-1018', 'ADULT', now() - interval '41935 minutes');
insert into intake (id, patient_id, arrival_timestamp, arrival_mode, chief_complaint, pain_level, age, height_cm, weight_kg, temperature_c, heart_rate, systolic_pressure, diastolic_pressure, respiratory_rate, oxygen_saturation, chest_pain, breathing_difficulty, altered_mental_state, severe_bleeding, pregnancy, pediatric_risk, fall_or_trauma, immunocompromised, department, current_status, created_at, updated_at) values ('20000000-0000-4000-8000-000000000018', '10000000-0000-4000-8000-000000000018', now() - interval '41935 minutes', 'WALK_IN', 'Routine medication refill', 1, 35, 182, 58, 38.56, 96, 129, 81, 15, 99, false, false, false, false, false, false, false, false, 'General', 'DISCHARGED', now() - interval '41935 minutes', now() - interval '41875 minutes');
insert into intake_structured_symptoms (intake_id, symptom) values ('20000000-0000-4000-8000-000000000018', 'medication refill');
insert into urgency_assessment (id, patient_id, intake_id, final_category, final_score, suggested_category, suggested_score, structured_symptom_summary, staff_facing_explanation, confidence_level, suggested_diagnosis, medical_attention_note, assessed_at) values ('30000000-0000-4000-8000-000000000018', '10000000-0000-4000-8000-000000000018', '20000000-0000-4000-8000-000000000018', 'LOW', 12, 'LOW', 12, 'Adult patient presenting with medication refill.', 'Triaged LOW (score 12). No acute concern; routine review.', 'HIGH', 'Stable chronic condition - refill', 'No acute concern; routine review.', now() - interval '41933 minutes');
insert into urgency_score_factors (assessment_id, factor) values ('30000000-0000-4000-8000-000000000018', 'Chief complaint: Routine medication refill');
insert into care_team_assignment (id, patient_id, intake_id, assigned_doctor_id, department, assignment_reason, active, assigned_at) values ('50000000-0000-4000-8000-000000000018', '10000000-0000-4000-8000-000000000018', '20000000-0000-4000-8000-000000000018', 'd0c70000-0000-4000-8000-000000000002', 'General', 'General Medicine match for routine medication refill; balanced across the roster.', false, now() - interval '41931 minutes');
insert into patient_timeline_event (id, patient_id, intake_id, actor_staff_user_id, department, event_type, title, description, source, created_at) values ('61000000-0000-4000-8000-000000000018', '10000000-0000-4000-8000-000000000018', '20000000-0000-4000-8000-000000000018', '77777777-7777-7777-7777-777777777777', 'General', 'INTAKE_INGESTED', 'Intake ingested', 'Nina Patel created the intake for GE-1018.', 'STAFF', now() - interval '41935 minutes');
insert into patient_timeline_event (id, patient_id, intake_id, actor_staff_user_id, department, event_type, title, description, source, created_at) values ('62000000-0000-4000-8000-000000000018', '10000000-0000-4000-8000-000000000018', '20000000-0000-4000-8000-000000000018', null, 'General', 'QUEUE_SORTED', 'Patient sorted', 'Priority Agent placed GE-1018 as LOW with score 12.', 'AGENT', now() - interval '41934 minutes');
insert into patient_timeline_event (id, patient_id, intake_id, actor_staff_user_id, department, event_type, title, description, source, created_at) values ('63000000-0000-4000-8000-000000000018', '10000000-0000-4000-8000-000000000018', '20000000-0000-4000-8000-000000000018', null, 'General', 'MEDICAL_RESEARCH', 'Medical research saved', 'Medical Research Agent researched "Stable chronic condition - refill", wrote a briefing, and attached source links to the patient thread.', 'AGENT', now() - interval '41932 minutes');
insert into patient_timeline_event (id, patient_id, intake_id, actor_staff_user_id, department, event_type, title, description, source, created_at) values ('64000000-0000-4000-8000-000000000018', '10000000-0000-4000-8000-000000000018', '20000000-0000-4000-8000-000000000018', 'd0c70000-0000-4000-8000-000000000002', 'General', 'DOCTOR_ASSIGNED', 'Doctor assigned', 'Assignment Agent assigned Dr. Neha Sharma to GE-1018. General Medicine match for routine medication refill; balanced across the roster.', 'AGENT', now() - interval '41931 minutes');
insert into patient_timeline_event (id, patient_id, intake_id, actor_staff_user_id, department, event_type, title, description, source, created_at) values ('65000000-0000-4000-8000-000000000018', '10000000-0000-4000-8000-000000000018', '20000000-0000-4000-8000-000000000018', null, 'General', 'DOCTOR_NOTIFIED', 'Care team notified', 'Notification Agent alerted Dr. Neha Sharma and the General desk about GE-1018.', 'AGENT', now() - interval '41930 minutes');
insert into patient_timeline_event (id, patient_id, intake_id, actor_staff_user_id, department, event_type, title, description, source, created_at) values ('66000000-0000-4000-8000-000000000018', '10000000-0000-4000-8000-000000000018', '20000000-0000-4000-8000-000000000018', 'd0c70000-0000-4000-8000-000000000002', 'General', 'STATUS_CHANGED', 'Treatment started', 'Dr. Neha Sharma moved GE-1018 to IN_TREATMENT.', 'STAFF', now() - interval '41913 minutes');
insert into patient_timeline_event (id, patient_id, intake_id, actor_staff_user_id, department, event_type, title, description, source, created_at) values ('67000000-0000-4000-8000-000000000018', '10000000-0000-4000-8000-000000000018', '20000000-0000-4000-8000-000000000018', 'd0c70000-0000-4000-8000-000000000002', 'General', 'STATUS_CHANGED', 'Patient discharged', 'Dr. Neha Sharma discharged GE-1018 after treatment.', 'STAFF', now() - interval '41847 minutes');
insert into patient_thread_comment (id, patient_id, intake_id, author_name, body, created_at) values ('70000000-0000-4000-8000-000000000018', '10000000-0000-4000-8000-000000000018', '20000000-0000-4000-8000-000000000018', 'Medical Research Agent', 'Medical research briefing for Routine medication refill (automated online research):

- Stable chronic condition - refill: No acute concern; routine review.
- Watch for: medication refill.
- Suggested tests: BP measurement.

Sources:
- [PubMed] Clinical overview of Stable chronic condition - refill (https://pubmed.ncbi.nlm.nih.gov/)
- [ICMR] Indian clinical guidance on Stable chronic condition - refill (https://www.icmr.gov.in/)', now() - interval '41932 minutes');

-- Patient GE-1019 — Severe abdominal pain and vomiting (HIGH, DISCHARGED) -> Dr. Sanjay Gupta
insert into patient (id, display_id, age_band, created_at) values ('10000000-0000-4000-8000-000000000019', 'GE-1019', 'ADULT', now() - interval '5347 minutes');
insert into intake (id, patient_id, arrival_timestamp, arrival_mode, chief_complaint, pain_level, age, height_cm, weight_kg, temperature_c, heart_rate, systolic_pressure, diastolic_pressure, respiratory_rate, oxygen_saturation, chest_pain, breathing_difficulty, altered_mental_state, severe_bleeding, pregnancy, pediatric_risk, fall_or_trauma, immunocompromised, department, current_status, created_at, updated_at) values ('20000000-0000-4000-8000-000000000019', '10000000-0000-4000-8000-000000000019', now() - interval '5347 minutes', 'WALK_IN', 'Severe abdominal pain and vomiting', 8, 43, 166, 90, 37.66, 103, 132, 78, 24, 93, false, false, false, false, false, false, false, false, 'General', 'DISCHARGED', now() - interval '5347 minutes', now() - interval '5287 minutes');
insert into intake_structured_symptoms (intake_id, symptom) values ('20000000-0000-4000-8000-000000000019', 'abdominal pain');
insert into intake_structured_symptoms (intake_id, symptom) values ('20000000-0000-4000-8000-000000000019', 'vomiting');
insert into intake_structured_symptoms (intake_id, symptom) values ('20000000-0000-4000-8000-000000000019', 'fever');
insert into urgency_assessment (id, patient_id, intake_id, final_category, final_score, suggested_category, suggested_score, structured_symptom_summary, staff_facing_explanation, confidence_level, suggested_diagnosis, medical_attention_note, assessed_at) values ('30000000-0000-4000-8000-000000000019', '10000000-0000-4000-8000-000000000019', '20000000-0000-4000-8000-000000000019', 'HIGH', 77, 'HIGH', 77, 'Adult patient presenting with abdominal pain, vomiting, fever.', 'Triaged HIGH (score 77). Surgical review if right-lower-quadrant tenderness persists.', 'HIGH', 'Possible appendicitis', 'Surgical review if right-lower-quadrant tenderness persists.', now() - interval '5345 minutes');
insert into urgency_score_factors (assessment_id, factor) values ('30000000-0000-4000-8000-000000000019', 'Abnormal vital signs');
insert into urgency_score_factors (assessment_id, factor) values ('30000000-0000-4000-8000-000000000019', 'Chief complaint: Severe abdominal pain and vomiting');
insert into urgency_score_factors (assessment_id, factor) values ('30000000-0000-4000-8000-000000000019', 'Low oxygen saturation');
insert into care_team_assignment (id, patient_id, intake_id, assigned_doctor_id, department, assignment_reason, active, assigned_at) values ('50000000-0000-4000-8000-000000000019', '10000000-0000-4000-8000-000000000019', '20000000-0000-4000-8000-000000000019', 'd0c70000-0000-4000-8000-000000000003', 'General', 'General Medicine match for severe abdominal pain and vomiting; balanced across the roster.', false, now() - interval '5343 minutes');
insert into patient_timeline_event (id, patient_id, intake_id, actor_staff_user_id, department, event_type, title, description, source, created_at) values ('61000000-0000-4000-8000-000000000019', '10000000-0000-4000-8000-000000000019', '20000000-0000-4000-8000-000000000019', '77777777-7777-7777-7777-777777777777', 'General', 'INTAKE_INGESTED', 'Intake ingested', 'Nina Patel created the intake for GE-1019.', 'STAFF', now() - interval '5347 minutes');
insert into patient_timeline_event (id, patient_id, intake_id, actor_staff_user_id, department, event_type, title, description, source, created_at) values ('62000000-0000-4000-8000-000000000019', '10000000-0000-4000-8000-000000000019', '20000000-0000-4000-8000-000000000019', null, 'General', 'QUEUE_SORTED', 'Patient sorted', 'Priority Agent placed GE-1019 as HIGH with score 77.', 'AGENT', now() - interval '5346 minutes');
insert into patient_timeline_event (id, patient_id, intake_id, actor_staff_user_id, department, event_type, title, description, source, created_at) values ('63000000-0000-4000-8000-000000000019', '10000000-0000-4000-8000-000000000019', '20000000-0000-4000-8000-000000000019', null, 'General', 'MEDICAL_RESEARCH', 'Medical research saved', 'Medical Research Agent researched "Possible appendicitis", wrote a briefing, and attached source links to the patient thread.', 'AGENT', now() - interval '5344 minutes');
insert into patient_timeline_event (id, patient_id, intake_id, actor_staff_user_id, department, event_type, title, description, source, created_at) values ('64000000-0000-4000-8000-000000000019', '10000000-0000-4000-8000-000000000019', '20000000-0000-4000-8000-000000000019', 'd0c70000-0000-4000-8000-000000000003', 'General', 'DOCTOR_ASSIGNED', 'Doctor assigned', 'Assignment Agent assigned Dr. Sanjay Gupta to GE-1019. General Medicine match for severe abdominal pain and vomiting; balanced across the roster.', 'AGENT', now() - interval '5343 minutes');
insert into patient_timeline_event (id, patient_id, intake_id, actor_staff_user_id, department, event_type, title, description, source, created_at) values ('65000000-0000-4000-8000-000000000019', '10000000-0000-4000-8000-000000000019', '20000000-0000-4000-8000-000000000019', null, 'General', 'DOCTOR_NOTIFIED', 'Care team notified', 'Notification Agent alerted Dr. Sanjay Gupta and the General desk about GE-1019.', 'AGENT', now() - interval '5342 minutes');
insert into patient_timeline_event (id, patient_id, intake_id, actor_staff_user_id, department, event_type, title, description, source, created_at) values ('66000000-0000-4000-8000-000000000019', '10000000-0000-4000-8000-000000000019', '20000000-0000-4000-8000-000000000019', 'd0c70000-0000-4000-8000-000000000003', 'General', 'STATUS_CHANGED', 'Treatment started', 'Dr. Sanjay Gupta moved GE-1019 to IN_TREATMENT.', 'STAFF', now() - interval '5326 minutes');
insert into patient_timeline_event (id, patient_id, intake_id, actor_staff_user_id, department, event_type, title, description, source, created_at) values ('67000000-0000-4000-8000-000000000019', '10000000-0000-4000-8000-000000000019', '20000000-0000-4000-8000-000000000019', 'd0c70000-0000-4000-8000-000000000003', 'General', 'STATUS_CHANGED', 'Patient discharged', 'Dr. Sanjay Gupta discharged GE-1019 after treatment.', 'STAFF', now() - interval '5251 minutes');
insert into patient_thread_comment (id, patient_id, intake_id, author_name, body, created_at) values ('70000000-0000-4000-8000-000000000019', '10000000-0000-4000-8000-000000000019', '20000000-0000-4000-8000-000000000019', 'Medical Research Agent', 'Medical research briefing for Severe abdominal pain and vomiting (automated online research):

- Possible appendicitis: Surgical review if right-lower-quadrant tenderness persists.
- Watch for: abdominal pain, vomiting, fever.
- Suggested tests: Abdominal ultrasound, CBC, Urinalysis.

Sources:
- [PubMed] Clinical overview of Possible appendicitis (https://pubmed.ncbi.nlm.nih.gov/)
- [ICMR] Indian clinical guidance on Possible appendicitis (https://www.icmr.gov.in/)', now() - interval '5344 minutes');

-- Patient EM-1020 — Asthma attack with wheezing (HIGH, DISCHARGED) -> Dr. Sofia Martinez
insert into patient (id, display_id, age_band, created_at) values ('10000000-0000-4000-8000-000000000020', 'EM-1020', 'ADULT', now() - interval '27496 minutes');
insert into intake (id, patient_id, arrival_timestamp, arrival_mode, chief_complaint, pain_level, age, height_cm, weight_kg, temperature_c, heart_rate, systolic_pressure, diastolic_pressure, respiratory_rate, oxygen_saturation, chest_pain, breathing_difficulty, altered_mental_state, severe_bleeding, pregnancy, pediatric_risk, fall_or_trauma, immunocompromised, department, current_status, created_at, updated_at) values ('20000000-0000-4000-8000-000000000020', '10000000-0000-4000-8000-000000000020', now() - interval '27496 minutes', 'REFERRAL', 'Asthma attack with wheezing', 7, 55, 167, 73, 39.06, 117, 118, 72, 25, 94, false, true, false, false, false, false, false, false, 'Emergency', 'DISCHARGED', now() - interval '27496 minutes', now() - interval '27436 minutes');
insert into intake_structured_symptoms (intake_id, symptom) values ('20000000-0000-4000-8000-000000000020', 'wheezing');
insert into intake_structured_symptoms (intake_id, symptom) values ('20000000-0000-4000-8000-000000000020', 'shortness of breath');
insert into intake_structured_symptoms (intake_id, symptom) values ('20000000-0000-4000-8000-000000000020', 'cough');
insert into urgency_assessment (id, patient_id, intake_id, final_category, final_score, suggested_category, suggested_score, structured_symptom_summary, staff_facing_explanation, confidence_level, suggested_diagnosis, medical_attention_note, assessed_at) values ('30000000-0000-4000-8000-000000000020', '10000000-0000-4000-8000-000000000020', '20000000-0000-4000-8000-000000000020', 'HIGH', 84, 'HIGH', 84, 'Adult patient presenting with wheezing, shortness of breath, cough.', 'Triaged HIGH (score 84). Bronchodilator therapy; reassess response.', 'HIGH', 'Asthma exacerbation', 'Bronchodilator therapy; reassess response.', now() - interval '27494 minutes');
insert into urgency_score_factors (assessment_id, factor) values ('30000000-0000-4000-8000-000000000020', 'Abnormal vital signs');
insert into urgency_score_factors (assessment_id, factor) values ('30000000-0000-4000-8000-000000000020', 'Chief complaint: Asthma attack with wheezing');
insert into urgency_red_flags (assessment_id, red_flag) values ('30000000-0000-4000-8000-000000000020', 'Breathing difficulty');
insert into care_team_assignment (id, patient_id, intake_id, assigned_doctor_id, department, assignment_reason, active, assigned_at) values ('50000000-0000-4000-8000-000000000020', '10000000-0000-4000-8000-000000000020', '20000000-0000-4000-8000-000000000020', 'eeeeeeee-eeee-eeee-eeee-eeeeeeeeeeee', 'Emergency', 'Pulmonology match for asthma attack with wheezing; balanced across the roster.', false, now() - interval '27492 minutes');
insert into patient_timeline_event (id, patient_id, intake_id, actor_staff_user_id, department, event_type, title, description, source, created_at) values ('61000000-0000-4000-8000-000000000020', '10000000-0000-4000-8000-000000000020', '20000000-0000-4000-8000-000000000020', '77777777-7777-7777-7777-777777777777', 'Emergency', 'INTAKE_INGESTED', 'Intake ingested', 'Nina Patel created the intake for EM-1020.', 'STAFF', now() - interval '27496 minutes');
insert into patient_timeline_event (id, patient_id, intake_id, actor_staff_user_id, department, event_type, title, description, source, created_at) values ('62000000-0000-4000-8000-000000000020', '10000000-0000-4000-8000-000000000020', '20000000-0000-4000-8000-000000000020', null, 'Emergency', 'QUEUE_SORTED', 'Patient sorted', 'Priority Agent placed EM-1020 as HIGH with score 84.', 'AGENT', now() - interval '27495 minutes');
insert into patient_timeline_event (id, patient_id, intake_id, actor_staff_user_id, department, event_type, title, description, source, created_at) values ('63000000-0000-4000-8000-000000000020', '10000000-0000-4000-8000-000000000020', '20000000-0000-4000-8000-000000000020', null, 'Emergency', 'MEDICAL_RESEARCH', 'Medical research saved', 'Medical Research Agent researched "Asthma exacerbation", wrote a briefing, and attached source links to the patient thread.', 'AGENT', now() - interval '27493 minutes');
insert into patient_timeline_event (id, patient_id, intake_id, actor_staff_user_id, department, event_type, title, description, source, created_at) values ('64000000-0000-4000-8000-000000000020', '10000000-0000-4000-8000-000000000020', '20000000-0000-4000-8000-000000000020', 'eeeeeeee-eeee-eeee-eeee-eeeeeeeeeeee', 'Emergency', 'DOCTOR_ASSIGNED', 'Doctor assigned', 'Assignment Agent assigned Dr. Sofia Martinez to EM-1020. Pulmonology match for asthma attack with wheezing; balanced across the roster.', 'AGENT', now() - interval '27492 minutes');
insert into patient_timeline_event (id, patient_id, intake_id, actor_staff_user_id, department, event_type, title, description, source, created_at) values ('65000000-0000-4000-8000-000000000020', '10000000-0000-4000-8000-000000000020', '20000000-0000-4000-8000-000000000020', null, 'Emergency', 'DOCTOR_NOTIFIED', 'Care team notified', 'Notification Agent alerted Dr. Sofia Martinez and the Emergency desk about EM-1020.', 'AGENT', now() - interval '27491 minutes');
insert into patient_timeline_event (id, patient_id, intake_id, actor_staff_user_id, department, event_type, title, description, source, created_at) values ('66000000-0000-4000-8000-000000000020', '10000000-0000-4000-8000-000000000020', '20000000-0000-4000-8000-000000000020', 'eeeeeeee-eeee-eeee-eeee-eeeeeeeeeeee', 'Emergency', 'STATUS_CHANGED', 'Treatment started', 'Dr. Sofia Martinez moved EM-1020 to IN_TREATMENT.', 'STAFF', now() - interval '27440 minutes');
insert into patient_timeline_event (id, patient_id, intake_id, actor_staff_user_id, department, event_type, title, description, source, created_at) values ('67000000-0000-4000-8000-000000000020', '10000000-0000-4000-8000-000000000020', '20000000-0000-4000-8000-000000000020', 'eeeeeeee-eeee-eeee-eeee-eeeeeeeeeeee', 'Emergency', 'STATUS_CHANGED', 'Patient discharged', 'Dr. Sofia Martinez discharged EM-1020 after treatment.', 'STAFF', now() - interval '27322 minutes');
insert into patient_thread_comment (id, patient_id, intake_id, author_name, body, created_at) values ('70000000-0000-4000-8000-000000000020', '10000000-0000-4000-8000-000000000020', '20000000-0000-4000-8000-000000000020', 'Medical Research Agent', 'Medical research briefing for Asthma attack with wheezing (automated online research):

- Asthma exacerbation: Bronchodilator therapy; reassess response.
- Watch for: wheezing, shortness of breath, cough.
- Suggested tests: Peak flow, SpO2, Chest auscultation.

Sources:
- [PubMed] Clinical overview of Asthma exacerbation (https://pubmed.ncbi.nlm.nih.gov/)
- [ICMR] Indian clinical guidance on Asthma exacerbation (https://www.icmr.gov.in/)', now() - interval '27493 minutes');

-- Patient PE-1021 — High fever with lethargy (HIGH, DISCHARGED) -> Dr. Priya Nair
insert into patient (id, display_id, age_band, created_at) values ('10000000-0000-4000-8000-000000000021', 'PE-1021', 'CHILD', now() - interval '30937 minutes');
insert into intake (id, patient_id, arrival_timestamp, arrival_mode, chief_complaint, pain_level, age, height_cm, weight_kg, temperature_c, heart_rate, systolic_pressure, diastolic_pressure, respiratory_rate, oxygen_saturation, chest_pain, breathing_difficulty, altered_mental_state, severe_bleeding, pregnancy, pediatric_risk, fall_or_trauma, immunocompromised, department, current_status, created_at, updated_at) values ('20000000-0000-4000-8000-000000000021', '10000000-0000-4000-8000-000000000021', now() - interval '30937 minutes', 'AMBULANCE', 'High fever with lethargy', 7, 5, 98, 35, 37.35, 105, 124, 84, 24, 94, false, false, false, false, false, true, false, false, 'Pediatrics', 'DISCHARGED', now() - interval '30937 minutes', now() - interval '30877 minutes');
insert into intake_structured_symptoms (intake_id, symptom) values ('20000000-0000-4000-8000-000000000021', 'fever');
insert into intake_structured_symptoms (intake_id, symptom) values ('20000000-0000-4000-8000-000000000021', 'lethargy');
insert into intake_structured_symptoms (intake_id, symptom) values ('20000000-0000-4000-8000-000000000021', 'poor feeding');
insert into urgency_assessment (id, patient_id, intake_id, final_category, final_score, suggested_category, suggested_score, structured_symptom_summary, staff_facing_explanation, confidence_level, suggested_diagnosis, medical_attention_note, assessed_at) values ('30000000-0000-4000-8000-000000000021', '10000000-0000-4000-8000-000000000021', '20000000-0000-4000-8000-000000000021', 'HIGH', 81, 'HIGH', 81, 'Pediatric patient presenting with fever, lethargy, poor feeding.', 'Triaged HIGH (score 81). Monitor hydration and temperature; watch for febrile seizure.', 'HIGH', 'Pediatric febrile illness', 'Monitor hydration and temperature; watch for febrile seizure.', now() - interval '30935 minutes');
insert into urgency_score_factors (assessment_id, factor) values ('30000000-0000-4000-8000-000000000021', 'Abnormal vital signs');
insert into urgency_score_factors (assessment_id, factor) values ('30000000-0000-4000-8000-000000000021', 'Chief complaint: High fever with lethargy');
insert into urgency_red_flags (assessment_id, red_flag) values ('30000000-0000-4000-8000-000000000021', 'Pediatric risk');
insert into care_team_assignment (id, patient_id, intake_id, assigned_doctor_id, department, assignment_reason, active, assigned_at) values ('50000000-0000-4000-8000-000000000021', '10000000-0000-4000-8000-000000000021', '20000000-0000-4000-8000-000000000021', 'cccccccc-cccc-cccc-cccc-cccccccccccc', 'Pediatrics', 'Pediatrics match for high fever with lethargy; balanced across the roster.', false, now() - interval '30933 minutes');
insert into patient_timeline_event (id, patient_id, intake_id, actor_staff_user_id, department, event_type, title, description, source, created_at) values ('61000000-0000-4000-8000-000000000021', '10000000-0000-4000-8000-000000000021', '20000000-0000-4000-8000-000000000021', '77777777-7777-7777-7777-777777777777', 'Pediatrics', 'INTAKE_INGESTED', 'Intake ingested', 'Nina Patel created the intake for PE-1021.', 'STAFF', now() - interval '30937 minutes');
insert into patient_timeline_event (id, patient_id, intake_id, actor_staff_user_id, department, event_type, title, description, source, created_at) values ('62000000-0000-4000-8000-000000000021', '10000000-0000-4000-8000-000000000021', '20000000-0000-4000-8000-000000000021', null, 'Pediatrics', 'QUEUE_SORTED', 'Patient sorted', 'Priority Agent placed PE-1021 as HIGH with score 81.', 'AGENT', now() - interval '30936 minutes');
insert into patient_timeline_event (id, patient_id, intake_id, actor_staff_user_id, department, event_type, title, description, source, created_at) values ('63000000-0000-4000-8000-000000000021', '10000000-0000-4000-8000-000000000021', '20000000-0000-4000-8000-000000000021', null, 'Pediatrics', 'MEDICAL_RESEARCH', 'Medical research saved', 'Medical Research Agent researched "Pediatric febrile illness", wrote a briefing, and attached source links to the patient thread.', 'AGENT', now() - interval '30934 minutes');
insert into patient_timeline_event (id, patient_id, intake_id, actor_staff_user_id, department, event_type, title, description, source, created_at) values ('64000000-0000-4000-8000-000000000021', '10000000-0000-4000-8000-000000000021', '20000000-0000-4000-8000-000000000021', 'cccccccc-cccc-cccc-cccc-cccccccccccc', 'Pediatrics', 'DOCTOR_ASSIGNED', 'Doctor assigned', 'Assignment Agent assigned Dr. Priya Nair to PE-1021. Pediatrics match for high fever with lethargy; balanced across the roster.', 'AGENT', now() - interval '30933 minutes');
insert into patient_timeline_event (id, patient_id, intake_id, actor_staff_user_id, department, event_type, title, description, source, created_at) values ('65000000-0000-4000-8000-000000000021', '10000000-0000-4000-8000-000000000021', '20000000-0000-4000-8000-000000000021', null, 'Pediatrics', 'DOCTOR_NOTIFIED', 'Care team notified', 'Notification Agent alerted Dr. Priya Nair and the Pediatrics desk about PE-1021.', 'AGENT', now() - interval '30932 minutes');
insert into patient_timeline_event (id, patient_id, intake_id, actor_staff_user_id, department, event_type, title, description, source, created_at) values ('66000000-0000-4000-8000-000000000021', '10000000-0000-4000-8000-000000000021', '20000000-0000-4000-8000-000000000021', 'cccccccc-cccc-cccc-cccc-cccccccccccc', 'Pediatrics', 'STATUS_CHANGED', 'Treatment started', 'Dr. Priya Nair moved PE-1021 to IN_TREATMENT.', 'STAFF', now() - interval '30877 minutes');
insert into patient_timeline_event (id, patient_id, intake_id, actor_staff_user_id, department, event_type, title, description, source, created_at) values ('67000000-0000-4000-8000-000000000021', '10000000-0000-4000-8000-000000000021', '20000000-0000-4000-8000-000000000021', 'cccccccc-cccc-cccc-cccc-cccccccccccc', 'Pediatrics', 'STATUS_CHANGED', 'Patient discharged', 'Dr. Priya Nair discharged PE-1021 after treatment.', 'STAFF', now() - interval '30837 minutes');
insert into patient_thread_comment (id, patient_id, intake_id, author_name, body, created_at) values ('70000000-0000-4000-8000-000000000021', '10000000-0000-4000-8000-000000000021', '20000000-0000-4000-8000-000000000021', 'Medical Research Agent', 'Medical research briefing for High fever with lethargy (automated online research):

- Pediatric febrile illness: Monitor hydration and temperature; watch for febrile seizure.
- Watch for: fever, lethargy, poor feeding.
- Suggested tests: CBC, CRP, Urine culture.

Sources:
- [PubMed] Clinical overview of Pediatric febrile illness (https://pubmed.ncbi.nlm.nih.gov/)
- [ICMR] Indian clinical guidance on Pediatric febrile illness (https://www.icmr.gov.in/)', now() - interval '30934 minutes');

-- Patient PE-1022 — Loose motions and dehydration (MEDIUM, DISCHARGED) -> Dr. Ananya Reddy
insert into patient (id, display_id, age_band, created_at) values ('10000000-0000-4000-8000-000000000022', 'PE-1022', 'CHILD', now() - interval '19796 minutes');
insert into intake (id, patient_id, arrival_timestamp, arrival_mode, chief_complaint, pain_level, age, height_cm, weight_kg, temperature_c, heart_rate, systolic_pressure, diastolic_pressure, respiratory_rate, oxygen_saturation, chest_pain, breathing_difficulty, altered_mental_state, severe_bleeding, pregnancy, pediatric_risk, fall_or_trauma, immunocompromised, department, current_status, created_at, updated_at) values ('20000000-0000-4000-8000-000000000022', '10000000-0000-4000-8000-000000000022', now() - interval '19796 minutes', 'AMBULANCE', 'Loose motions and dehydration', 5, 7, 108, 27, 38.86, 86, 113, 82, 18, 99, false, false, false, false, false, true, false, false, 'Pediatrics', 'DISCHARGED', now() - interval '19796 minutes', now() - interval '19736 minutes');
insert into intake_structured_symptoms (intake_id, symptom) values ('20000000-0000-4000-8000-000000000022', 'diarrhea');
insert into intake_structured_symptoms (intake_id, symptom) values ('20000000-0000-4000-8000-000000000022', 'dehydration');
insert into urgency_assessment (id, patient_id, intake_id, final_category, final_score, suggested_category, suggested_score, structured_symptom_summary, staff_facing_explanation, confidence_level, suggested_diagnosis, medical_attention_note, assessed_at) values ('30000000-0000-4000-8000-000000000022', '10000000-0000-4000-8000-000000000022', '20000000-0000-4000-8000-000000000022', 'MEDIUM', 54, 'MEDIUM', 54, 'Pediatric patient presenting with diarrhea, dehydration.', 'Triaged MEDIUM (score 54). Oral rehydration; escalate if signs of severe dehydration.', 'MEDIUM', 'Acute gastroenteritis', 'Oral rehydration; escalate if signs of severe dehydration.', now() - interval '19794 minutes');
insert into urgency_score_factors (assessment_id, factor) values ('30000000-0000-4000-8000-000000000022', 'Chief complaint: Loose motions and dehydration');
insert into urgency_red_flags (assessment_id, red_flag) values ('30000000-0000-4000-8000-000000000022', 'Pediatric risk');
insert into care_team_assignment (id, patient_id, intake_id, assigned_doctor_id, department, assignment_reason, active, assigned_at) values ('50000000-0000-4000-8000-000000000022', '10000000-0000-4000-8000-000000000022', '20000000-0000-4000-8000-000000000022', 'd0c70000-0000-4000-8000-000000000004', 'Pediatrics', 'Pediatrics match for loose motions and dehydration; balanced across the roster.', false, now() - interval '19792 minutes');
insert into patient_timeline_event (id, patient_id, intake_id, actor_staff_user_id, department, event_type, title, description, source, created_at) values ('61000000-0000-4000-8000-000000000022', '10000000-0000-4000-8000-000000000022', '20000000-0000-4000-8000-000000000022', '77777777-7777-7777-7777-777777777777', 'Pediatrics', 'INTAKE_INGESTED', 'Intake ingested', 'Nina Patel created the intake for PE-1022.', 'STAFF', now() - interval '19796 minutes');
insert into patient_timeline_event (id, patient_id, intake_id, actor_staff_user_id, department, event_type, title, description, source, created_at) values ('62000000-0000-4000-8000-000000000022', '10000000-0000-4000-8000-000000000022', '20000000-0000-4000-8000-000000000022', null, 'Pediatrics', 'QUEUE_SORTED', 'Patient sorted', 'Priority Agent placed PE-1022 as MEDIUM with score 54.', 'AGENT', now() - interval '19795 minutes');
insert into patient_timeline_event (id, patient_id, intake_id, actor_staff_user_id, department, event_type, title, description, source, created_at) values ('63000000-0000-4000-8000-000000000022', '10000000-0000-4000-8000-000000000022', '20000000-0000-4000-8000-000000000022', null, 'Pediatrics', 'MEDICAL_RESEARCH', 'Medical research saved', 'Medical Research Agent researched "Acute gastroenteritis", wrote a briefing, and attached source links to the patient thread.', 'AGENT', now() - interval '19793 minutes');
insert into patient_timeline_event (id, patient_id, intake_id, actor_staff_user_id, department, event_type, title, description, source, created_at) values ('64000000-0000-4000-8000-000000000022', '10000000-0000-4000-8000-000000000022', '20000000-0000-4000-8000-000000000022', 'd0c70000-0000-4000-8000-000000000004', 'Pediatrics', 'DOCTOR_ASSIGNED', 'Doctor assigned', 'Assignment Agent assigned Dr. Ananya Reddy to PE-1022. Pediatrics match for loose motions and dehydration; balanced across the roster.', 'AGENT', now() - interval '19792 minutes');
insert into patient_timeline_event (id, patient_id, intake_id, actor_staff_user_id, department, event_type, title, description, source, created_at) values ('65000000-0000-4000-8000-000000000022', '10000000-0000-4000-8000-000000000022', '20000000-0000-4000-8000-000000000022', null, 'Pediatrics', 'DOCTOR_NOTIFIED', 'Care team notified', 'Notification Agent alerted Dr. Ananya Reddy and the Pediatrics desk about PE-1022.', 'AGENT', now() - interval '19791 minutes');
insert into patient_timeline_event (id, patient_id, intake_id, actor_staff_user_id, department, event_type, title, description, source, created_at) values ('66000000-0000-4000-8000-000000000022', '10000000-0000-4000-8000-000000000022', '20000000-0000-4000-8000-000000000022', 'd0c70000-0000-4000-8000-000000000004', 'Pediatrics', 'STATUS_CHANGED', 'Treatment started', 'Dr. Ananya Reddy moved PE-1022 to IN_TREATMENT.', 'STAFF', now() - interval '19740 minutes');
insert into patient_timeline_event (id, patient_id, intake_id, actor_staff_user_id, department, event_type, title, description, source, created_at) values ('67000000-0000-4000-8000-000000000022', '10000000-0000-4000-8000-000000000022', '20000000-0000-4000-8000-000000000022', 'd0c70000-0000-4000-8000-000000000004', 'Pediatrics', 'STATUS_CHANGED', 'Patient discharged', 'Dr. Ananya Reddy discharged PE-1022 after treatment.', 'STAFF', now() - interval '19671 minutes');
insert into patient_thread_comment (id, patient_id, intake_id, author_name, body, created_at) values ('70000000-0000-4000-8000-000000000022', '10000000-0000-4000-8000-000000000022', '20000000-0000-4000-8000-000000000022', 'Medical Research Agent', 'Medical research briefing for Loose motions and dehydration (automated online research):

- Acute gastroenteritis: Oral rehydration; escalate if signs of severe dehydration.
- Watch for: diarrhea, dehydration.
- Suggested tests: Stool routine, Serum electrolytes.

Sources:
- [PubMed] Clinical overview of Acute gastroenteritis (https://pubmed.ncbi.nlm.nih.gov/)
- [ICMR] Indian clinical guidance on Acute gastroenteritis (https://www.icmr.gov.in/)', now() - interval '19793 minutes');

-- Patient EM-1023 — Severe breathing distress with low oxygen (CRITICAL, DISCHARGED) -> Dr. Sofia Martinez
insert into patient (id, display_id, age_band, created_at) values ('10000000-0000-4000-8000-000000000023', 'EM-1023', 'ADULT', now() - interval '10597 minutes');
insert into intake (id, patient_id, arrival_timestamp, arrival_mode, chief_complaint, pain_level, age, height_cm, weight_kg, temperature_c, heart_rate, systolic_pressure, diastolic_pressure, respiratory_rate, oxygen_saturation, chest_pain, breathing_difficulty, altered_mental_state, severe_bleeding, pregnancy, pediatric_risk, fall_or_trauma, immunocompromised, department, current_status, created_at, updated_at) values ('20000000-0000-4000-8000-000000000023', '10000000-0000-4000-8000-000000000023', now() - interval '10597 minutes', 'AMBULANCE', 'Severe breathing distress with low oxygen', 9, 58, 166, 57, 38.12, 130, 132, 83, 26, 84, false, true, false, false, false, false, false, false, 'Emergency', 'DISCHARGED', now() - interval '10597 minutes', now() - interval '10537 minutes');
insert into intake_structured_symptoms (intake_id, symptom) values ('20000000-0000-4000-8000-000000000023', 'shortness of breath');
insert into intake_structured_symptoms (intake_id, symptom) values ('20000000-0000-4000-8000-000000000023', 'low oxygen saturation');
insert into intake_structured_symptoms (intake_id, symptom) values ('20000000-0000-4000-8000-000000000023', 'wheezing');
insert into urgency_assessment (id, patient_id, intake_id, final_category, final_score, suggested_category, suggested_score, structured_symptom_summary, staff_facing_explanation, confidence_level, suggested_diagnosis, medical_attention_note, assessed_at) values ('30000000-0000-4000-8000-000000000023', '10000000-0000-4000-8000-000000000023', '20000000-0000-4000-8000-000000000023', 'CRITICAL', 93, 'CRITICAL', 93, 'Adult patient presenting with shortness of breath, low oxygen saturation, wheezing.', 'Triaged CRITICAL (score 93). Start supplemental oxygen; watch for respiratory failure.', 'MEDIUM', 'Acute respiratory distress', 'Start supplemental oxygen; watch for respiratory failure.', now() - interval '10595 minutes');
insert into urgency_score_factors (assessment_id, factor) values ('30000000-0000-4000-8000-000000000023', 'Abnormal vital signs');
insert into urgency_score_factors (assessment_id, factor) values ('30000000-0000-4000-8000-000000000023', 'Chief complaint: Severe breathing distress with low oxygen');
insert into urgency_score_factors (assessment_id, factor) values ('30000000-0000-4000-8000-000000000023', 'Low oxygen saturation');
insert into urgency_red_flags (assessment_id, red_flag) values ('30000000-0000-4000-8000-000000000023', 'Breathing difficulty');
insert into care_team_assignment (id, patient_id, intake_id, assigned_doctor_id, department, assignment_reason, active, assigned_at) values ('50000000-0000-4000-8000-000000000023', '10000000-0000-4000-8000-000000000023', '20000000-0000-4000-8000-000000000023', 'eeeeeeee-eeee-eeee-eeee-eeeeeeeeeeee', 'Emergency', 'Pulmonology match for severe breathing distress with low oxygen; balanced across the roster.', false, now() - interval '10593 minutes');
insert into patient_timeline_event (id, patient_id, intake_id, actor_staff_user_id, department, event_type, title, description, source, created_at) values ('61000000-0000-4000-8000-000000000023', '10000000-0000-4000-8000-000000000023', '20000000-0000-4000-8000-000000000023', '77777777-7777-7777-7777-777777777777', 'Emergency', 'INTAKE_INGESTED', 'Intake ingested', 'Nina Patel created the intake for EM-1023.', 'STAFF', now() - interval '10597 minutes');
insert into patient_timeline_event (id, patient_id, intake_id, actor_staff_user_id, department, event_type, title, description, source, created_at) values ('62000000-0000-4000-8000-000000000023', '10000000-0000-4000-8000-000000000023', '20000000-0000-4000-8000-000000000023', null, 'Emergency', 'QUEUE_SORTED', 'Patient sorted', 'Priority Agent placed EM-1023 as CRITICAL with score 93.', 'AGENT', now() - interval '10596 minutes');
insert into patient_timeline_event (id, patient_id, intake_id, actor_staff_user_id, department, event_type, title, description, source, created_at) values ('63000000-0000-4000-8000-000000000023', '10000000-0000-4000-8000-000000000023', '20000000-0000-4000-8000-000000000023', null, 'Emergency', 'MEDICAL_RESEARCH', 'Medical research saved', 'Medical Research Agent researched "Acute respiratory distress", wrote a briefing, and attached source links to the patient thread.', 'AGENT', now() - interval '10594 minutes');
insert into patient_timeline_event (id, patient_id, intake_id, actor_staff_user_id, department, event_type, title, description, source, created_at) values ('64000000-0000-4000-8000-000000000023', '10000000-0000-4000-8000-000000000023', '20000000-0000-4000-8000-000000000023', 'eeeeeeee-eeee-eeee-eeee-eeeeeeeeeeee', 'Emergency', 'DOCTOR_ASSIGNED', 'Doctor assigned', 'Assignment Agent assigned Dr. Sofia Martinez to EM-1023. Pulmonology match for severe breathing distress with low oxygen; balanced across the roster.', 'AGENT', now() - interval '10593 minutes');
insert into patient_timeline_event (id, patient_id, intake_id, actor_staff_user_id, department, event_type, title, description, source, created_at) values ('65000000-0000-4000-8000-000000000023', '10000000-0000-4000-8000-000000000023', '20000000-0000-4000-8000-000000000023', null, 'Emergency', 'DOCTOR_NOTIFIED', 'Care team notified', 'Notification Agent alerted Dr. Sofia Martinez and the Emergency desk about EM-1023.', 'AGENT', now() - interval '10592 minutes');
insert into patient_timeline_event (id, patient_id, intake_id, actor_staff_user_id, department, event_type, title, description, source, created_at) values ('66000000-0000-4000-8000-000000000023', '10000000-0000-4000-8000-000000000023', '20000000-0000-4000-8000-000000000023', 'eeeeeeee-eeee-eeee-eeee-eeeeeeeeeeee', 'Emergency', 'STATUS_CHANGED', 'Treatment started', 'Dr. Sofia Martinez moved EM-1023 to IN_TREATMENT.', 'STAFF', now() - interval '10576 minutes');
insert into patient_timeline_event (id, patient_id, intake_id, actor_staff_user_id, department, event_type, title, description, source, created_at) values ('67000000-0000-4000-8000-000000000023', '10000000-0000-4000-8000-000000000023', '20000000-0000-4000-8000-000000000023', 'eeeeeeee-eeee-eeee-eeee-eeeeeeeeeeee', 'Emergency', 'STATUS_CHANGED', 'Patient discharged', 'Dr. Sofia Martinez discharged EM-1023 after treatment.', 'STAFF', now() - interval '10536 minutes');
insert into patient_thread_comment (id, patient_id, intake_id, author_name, body, created_at) values ('70000000-0000-4000-8000-000000000023', '10000000-0000-4000-8000-000000000023', '20000000-0000-4000-8000-000000000023', 'Medical Research Agent', 'Medical research briefing for Severe breathing distress with low oxygen (automated online research):

- Acute respiratory distress: Start supplemental oxygen; watch for respiratory failure.
- Watch for: shortness of breath, low oxygen saturation, wheezing.
- Suggested tests: ABG, Chest X-ray, SpO2 monitoring.

Sources:
- [PubMed] Clinical overview of Acute respiratory distress (https://pubmed.ncbi.nlm.nih.gov/)
- [ICMR] Indian clinical guidance on Acute respiratory distress (https://www.icmr.gov.in/)', now() - interval '10594 minutes');

-- Patient EM-1024 — Migraine with nausea (MEDIUM, DISCHARGED) -> Dr. Vikram Desai
insert into patient (id, display_id, age_band, created_at) values ('10000000-0000-4000-8000-000000000024', 'EM-1024', 'ADULT', now() - interval '23219 minutes');
insert into intake (id, patient_id, arrival_timestamp, arrival_mode, chief_complaint, pain_level, age, height_cm, weight_kg, temperature_c, heart_rate, systolic_pressure, diastolic_pressure, respiratory_rate, oxygen_saturation, chest_pain, breathing_difficulty, altered_mental_state, severe_bleeding, pregnancy, pediatric_risk, fall_or_trauma, immunocompromised, department, current_status, created_at, updated_at) values ('20000000-0000-4000-8000-000000000024', '10000000-0000-4000-8000-000000000024', now() - interval '23219 minutes', 'WALK_IN', 'Migraine with nausea', 5, 44, 177, 83, 36.70, 72, 132, 81, 20, 97, false, false, false, false, false, false, false, false, 'Emergency', 'DISCHARGED', now() - interval '23219 minutes', now() - interval '23159 minutes');
insert into intake_structured_symptoms (intake_id, symptom) values ('20000000-0000-4000-8000-000000000024', 'headache');
insert into intake_structured_symptoms (intake_id, symptom) values ('20000000-0000-4000-8000-000000000024', 'nausea');
insert into intake_structured_symptoms (intake_id, symptom) values ('20000000-0000-4000-8000-000000000024', 'photophobia');
insert into urgency_assessment (id, patient_id, intake_id, final_category, final_score, suggested_category, suggested_score, structured_symptom_summary, staff_facing_explanation, confidence_level, suggested_diagnosis, medical_attention_note, assessed_at) values ('30000000-0000-4000-8000-000000000024', '10000000-0000-4000-8000-000000000024', '20000000-0000-4000-8000-000000000024', 'MEDIUM', 49, 'MEDIUM', 49, 'Adult patient presenting with headache, nausea, photophobia.', 'Triaged MEDIUM (score 49). Rule out secondary causes if red-flag features appear.', 'MEDIUM', 'Migraine headache', 'Rule out secondary causes if red-flag features appear.', now() - interval '23217 minutes');
insert into urgency_score_factors (assessment_id, factor) values ('30000000-0000-4000-8000-000000000024', 'Chief complaint: Migraine with nausea');
insert into care_team_assignment (id, patient_id, intake_id, assigned_doctor_id, department, assignment_reason, active, assigned_at) values ('50000000-0000-4000-8000-000000000024', '10000000-0000-4000-8000-000000000024', '20000000-0000-4000-8000-000000000024', 'd0c70000-0000-4000-8000-000000000006', 'Emergency', 'Neurology match for migraine with nausea; balanced across the roster.', false, now() - interval '23215 minutes');
insert into patient_timeline_event (id, patient_id, intake_id, actor_staff_user_id, department, event_type, title, description, source, created_at) values ('61000000-0000-4000-8000-000000000024', '10000000-0000-4000-8000-000000000024', '20000000-0000-4000-8000-000000000024', '77777777-7777-7777-7777-777777777777', 'Emergency', 'INTAKE_INGESTED', 'Intake ingested', 'Nina Patel created the intake for EM-1024.', 'STAFF', now() - interval '23219 minutes');
insert into patient_timeline_event (id, patient_id, intake_id, actor_staff_user_id, department, event_type, title, description, source, created_at) values ('62000000-0000-4000-8000-000000000024', '10000000-0000-4000-8000-000000000024', '20000000-0000-4000-8000-000000000024', null, 'Emergency', 'QUEUE_SORTED', 'Patient sorted', 'Priority Agent placed EM-1024 as MEDIUM with score 49.', 'AGENT', now() - interval '23218 minutes');
insert into patient_timeline_event (id, patient_id, intake_id, actor_staff_user_id, department, event_type, title, description, source, created_at) values ('63000000-0000-4000-8000-000000000024', '10000000-0000-4000-8000-000000000024', '20000000-0000-4000-8000-000000000024', null, 'Emergency', 'MEDICAL_RESEARCH', 'Medical research saved', 'Medical Research Agent researched "Migraine headache", wrote a briefing, and attached source links to the patient thread.', 'AGENT', now() - interval '23216 minutes');
insert into patient_timeline_event (id, patient_id, intake_id, actor_staff_user_id, department, event_type, title, description, source, created_at) values ('64000000-0000-4000-8000-000000000024', '10000000-0000-4000-8000-000000000024', '20000000-0000-4000-8000-000000000024', 'd0c70000-0000-4000-8000-000000000006', 'Emergency', 'DOCTOR_ASSIGNED', 'Doctor assigned', 'Assignment Agent assigned Dr. Vikram Desai to EM-1024. Neurology match for migraine with nausea; balanced across the roster.', 'AGENT', now() - interval '23215 minutes');
insert into patient_timeline_event (id, patient_id, intake_id, actor_staff_user_id, department, event_type, title, description, source, created_at) values ('65000000-0000-4000-8000-000000000024', '10000000-0000-4000-8000-000000000024', '20000000-0000-4000-8000-000000000024', null, 'Emergency', 'DOCTOR_NOTIFIED', 'Care team notified', 'Notification Agent alerted Dr. Vikram Desai and the Emergency desk about EM-1024.', 'AGENT', now() - interval '23214 minutes');
insert into patient_timeline_event (id, patient_id, intake_id, actor_staff_user_id, department, event_type, title, description, source, created_at) values ('66000000-0000-4000-8000-000000000024', '10000000-0000-4000-8000-000000000024', '20000000-0000-4000-8000-000000000024', 'd0c70000-0000-4000-8000-000000000006', 'Emergency', 'STATUS_CHANGED', 'Treatment started', 'Dr. Vikram Desai moved EM-1024 to IN_TREATMENT.', 'STAFF', now() - interval '23162 minutes');
insert into patient_timeline_event (id, patient_id, intake_id, actor_staff_user_id, department, event_type, title, description, source, created_at) values ('67000000-0000-4000-8000-000000000024', '10000000-0000-4000-8000-000000000024', '20000000-0000-4000-8000-000000000024', 'd0c70000-0000-4000-8000-000000000006', 'Emergency', 'STATUS_CHANGED', 'Patient discharged', 'Dr. Vikram Desai discharged EM-1024 after treatment.', 'STAFF', now() - interval '23111 minutes');
insert into patient_thread_comment (id, patient_id, intake_id, author_name, body, created_at) values ('70000000-0000-4000-8000-000000000024', '10000000-0000-4000-8000-000000000024', '20000000-0000-4000-8000-000000000024', 'Medical Research Agent', 'Medical research briefing for Migraine with nausea (automated online research):

- Migraine headache: Rule out secondary causes if red-flag features appear.
- Watch for: headache, nausea, photophobia.
- Suggested tests: Clinical assessment, BP measurement.

Sources:
- [PubMed] Clinical overview of Migraine headache (https://pubmed.ncbi.nlm.nih.gov/)
- [ICMR] Indian clinical guidance on Migraine headache (https://www.icmr.gov.in/)', now() - interval '23216 minutes');

-- Patient OR-1025 — Lower back pain (LOW, DISCHARGED) -> Dr. Jordan Kim
insert into patient (id, display_id, age_band, created_at) values ('10000000-0000-4000-8000-000000000025', 'OR-1025', 'ADULT', now() - interval '26993 minutes');
insert into intake (id, patient_id, arrival_timestamp, arrival_mode, chief_complaint, pain_level, age, height_cm, weight_kg, temperature_c, heart_rate, systolic_pressure, diastolic_pressure, respiratory_rate, oxygen_saturation, chest_pain, breathing_difficulty, altered_mental_state, severe_bleeding, pregnancy, pediatric_risk, fall_or_trauma, immunocompromised, department, current_status, created_at, updated_at) values ('20000000-0000-4000-8000-000000000025', '10000000-0000-4000-8000-000000000025', now() - interval '26993 minutes', 'TRANSFER', 'Lower back pain', 3, 29, 173, 83, 36.58, 84, 133, 82, 20, 97, false, false, false, false, false, false, false, false, 'Orthopedics', 'DISCHARGED', now() - interval '26993 minutes', now() - interval '26933 minutes');
insert into intake_structured_symptoms (intake_id, symptom) values ('20000000-0000-4000-8000-000000000025', 'back pain');
insert into urgency_assessment (id, patient_id, intake_id, final_category, final_score, suggested_category, suggested_score, structured_symptom_summary, staff_facing_explanation, confidence_level, suggested_diagnosis, medical_attention_note, assessed_at) values ('30000000-0000-4000-8000-000000000025', '10000000-0000-4000-8000-000000000025', '20000000-0000-4000-8000-000000000025', 'LOW', 19, 'LOW', 19, 'Adult patient presenting with back pain.', 'Triaged LOW (score 19). Analgesia and activity advice; imaging only if red flags.', 'HIGH', 'Mechanical low back pain', 'Analgesia and activity advice; imaging only if red flags.', now() - interval '26991 minutes');
insert into urgency_score_factors (assessment_id, factor) values ('30000000-0000-4000-8000-000000000025', 'Chief complaint: Lower back pain');
insert into care_team_assignment (id, patient_id, intake_id, assigned_doctor_id, department, assignment_reason, active, assigned_at) values ('50000000-0000-4000-8000-000000000025', '10000000-0000-4000-8000-000000000025', '20000000-0000-4000-8000-000000000025', 'dddddddd-dddd-dddd-dddd-dddddddddddd', 'Orthopedics', 'Orthopedics match for lower back pain; balanced across the roster.', false, now() - interval '26989 minutes');
insert into patient_timeline_event (id, patient_id, intake_id, actor_staff_user_id, department, event_type, title, description, source, created_at) values ('61000000-0000-4000-8000-000000000025', '10000000-0000-4000-8000-000000000025', '20000000-0000-4000-8000-000000000025', '77777777-7777-7777-7777-777777777777', 'Orthopedics', 'INTAKE_INGESTED', 'Intake ingested', 'Nina Patel created the intake for OR-1025.', 'STAFF', now() - interval '26993 minutes');
insert into patient_timeline_event (id, patient_id, intake_id, actor_staff_user_id, department, event_type, title, description, source, created_at) values ('62000000-0000-4000-8000-000000000025', '10000000-0000-4000-8000-000000000025', '20000000-0000-4000-8000-000000000025', null, 'Orthopedics', 'QUEUE_SORTED', 'Patient sorted', 'Priority Agent placed OR-1025 as LOW with score 19.', 'AGENT', now() - interval '26992 minutes');
insert into patient_timeline_event (id, patient_id, intake_id, actor_staff_user_id, department, event_type, title, description, source, created_at) values ('63000000-0000-4000-8000-000000000025', '10000000-0000-4000-8000-000000000025', '20000000-0000-4000-8000-000000000025', null, 'Orthopedics', 'MEDICAL_RESEARCH', 'Medical research saved', 'Medical Research Agent researched "Mechanical low back pain", wrote a briefing, and attached source links to the patient thread.', 'AGENT', now() - interval '26990 minutes');
insert into patient_timeline_event (id, patient_id, intake_id, actor_staff_user_id, department, event_type, title, description, source, created_at) values ('64000000-0000-4000-8000-000000000025', '10000000-0000-4000-8000-000000000025', '20000000-0000-4000-8000-000000000025', 'dddddddd-dddd-dddd-dddd-dddddddddddd', 'Orthopedics', 'DOCTOR_ASSIGNED', 'Doctor assigned', 'Assignment Agent assigned Dr. Jordan Kim to OR-1025. Orthopedics match for lower back pain; balanced across the roster.', 'AGENT', now() - interval '26989 minutes');
insert into patient_timeline_event (id, patient_id, intake_id, actor_staff_user_id, department, event_type, title, description, source, created_at) values ('65000000-0000-4000-8000-000000000025', '10000000-0000-4000-8000-000000000025', '20000000-0000-4000-8000-000000000025', null, 'Orthopedics', 'DOCTOR_NOTIFIED', 'Care team notified', 'Notification Agent alerted Dr. Jordan Kim and the Orthopedics desk about OR-1025.', 'AGENT', now() - interval '26988 minutes');
insert into patient_timeline_event (id, patient_id, intake_id, actor_staff_user_id, department, event_type, title, description, source, created_at) values ('66000000-0000-4000-8000-000000000025', '10000000-0000-4000-8000-000000000025', '20000000-0000-4000-8000-000000000025', 'dddddddd-dddd-dddd-dddd-dddddddddddd', 'Orthopedics', 'STATUS_CHANGED', 'Treatment started', 'Dr. Jordan Kim moved OR-1025 to IN_TREATMENT.', 'STAFF', now() - interval '26949 minutes');
insert into patient_timeline_event (id, patient_id, intake_id, actor_staff_user_id, department, event_type, title, description, source, created_at) values ('67000000-0000-4000-8000-000000000025', '10000000-0000-4000-8000-000000000025', '20000000-0000-4000-8000-000000000025', 'dddddddd-dddd-dddd-dddd-dddddddddddd', 'Orthopedics', 'STATUS_CHANGED', 'Patient discharged', 'Dr. Jordan Kim discharged OR-1025 after treatment.', 'STAFF', now() - interval '26871 minutes');
insert into patient_thread_comment (id, patient_id, intake_id, author_name, body, created_at) values ('70000000-0000-4000-8000-000000000025', '10000000-0000-4000-8000-000000000025', '20000000-0000-4000-8000-000000000025', 'Medical Research Agent', 'Medical research briefing for Lower back pain (automated online research):

- Mechanical low back pain: Analgesia and activity advice; imaging only if red flags.
- Watch for: back pain.
- Suggested tests: Clinical assessment.

Sources:
- [PubMed] Clinical overview of Mechanical low back pain (https://pubmed.ncbi.nlm.nih.gov/)
- [ICMR] Indian clinical guidance on Mechanical low back pain (https://www.icmr.gov.in/)', now() - interval '26990 minutes');

-- Patient OR-1026 — Wrist injury after a fall (MEDIUM, DISCHARGED) -> Dr. Arjun Kapoor
insert into patient (id, display_id, age_band, created_at) values ('10000000-0000-4000-8000-000000000026', 'OR-1026', 'ADULT', now() - interval '10746 minutes');
insert into intake (id, patient_id, arrival_timestamp, arrival_mode, chief_complaint, pain_level, age, height_cm, weight_kg, temperature_c, heart_rate, systolic_pressure, diastolic_pressure, respiratory_rate, oxygen_saturation, chest_pain, breathing_difficulty, altered_mental_state, severe_bleeding, pregnancy, pediatric_risk, fall_or_trauma, immunocompromised, department, current_status, created_at, updated_at) values ('20000000-0000-4000-8000-000000000026', '10000000-0000-4000-8000-000000000026', now() - interval '10746 minutes', 'TRANSFER', 'Wrist injury after a fall', 4, 30, 185, 76, 37.10, 91, 129, 77, 15, 99, false, false, false, false, false, false, true, false, 'Orthopedics', 'DISCHARGED', now() - interval '10746 minutes', now() - interval '10686 minutes');
insert into intake_structured_symptoms (intake_id, symptom) values ('20000000-0000-4000-8000-000000000026', 'wrist pain');
insert into intake_structured_symptoms (intake_id, symptom) values ('20000000-0000-4000-8000-000000000026', 'swelling');
insert into urgency_assessment (id, patient_id, intake_id, final_category, final_score, suggested_category, suggested_score, structured_symptom_summary, staff_facing_explanation, confidence_level, suggested_diagnosis, medical_attention_note, assessed_at) values ('30000000-0000-4000-8000-000000000026', '10000000-0000-4000-8000-000000000026', '20000000-0000-4000-8000-000000000026', 'MEDIUM', 48, 'MEDIUM', 48, 'Adult patient presenting with wrist pain, swelling.', 'Triaged MEDIUM (score 48). Immobilize and elevate; analgesia as needed.', 'MEDIUM', 'Possible distal radius fracture', 'Immobilize and elevate; analgesia as needed.', now() - interval '10744 minutes');
insert into urgency_score_factors (assessment_id, factor) values ('30000000-0000-4000-8000-000000000026', 'Chief complaint: Wrist injury after a fall');
insert into care_team_assignment (id, patient_id, intake_id, assigned_doctor_id, department, assignment_reason, active, assigned_at) values ('50000000-0000-4000-8000-000000000026', '10000000-0000-4000-8000-000000000026', '20000000-0000-4000-8000-000000000026', 'd0c70000-0000-4000-8000-000000000005', 'Orthopedics', 'Orthopedics match for wrist injury after a fall; balanced across the roster.', false, now() - interval '10742 minutes');
insert into patient_timeline_event (id, patient_id, intake_id, actor_staff_user_id, department, event_type, title, description, source, created_at) values ('61000000-0000-4000-8000-000000000026', '10000000-0000-4000-8000-000000000026', '20000000-0000-4000-8000-000000000026', '77777777-7777-7777-7777-777777777777', 'Orthopedics', 'INTAKE_INGESTED', 'Intake ingested', 'Nina Patel created the intake for OR-1026.', 'STAFF', now() - interval '10746 minutes');
insert into patient_timeline_event (id, patient_id, intake_id, actor_staff_user_id, department, event_type, title, description, source, created_at) values ('62000000-0000-4000-8000-000000000026', '10000000-0000-4000-8000-000000000026', '20000000-0000-4000-8000-000000000026', null, 'Orthopedics', 'QUEUE_SORTED', 'Patient sorted', 'Priority Agent placed OR-1026 as MEDIUM with score 48.', 'AGENT', now() - interval '10745 minutes');
insert into patient_timeline_event (id, patient_id, intake_id, actor_staff_user_id, department, event_type, title, description, source, created_at) values ('63000000-0000-4000-8000-000000000026', '10000000-0000-4000-8000-000000000026', '20000000-0000-4000-8000-000000000026', null, 'Orthopedics', 'MEDICAL_RESEARCH', 'Medical research saved', 'Medical Research Agent researched "Possible distal radius fracture", wrote a briefing, and attached source links to the patient thread.', 'AGENT', now() - interval '10743 minutes');
insert into patient_timeline_event (id, patient_id, intake_id, actor_staff_user_id, department, event_type, title, description, source, created_at) values ('64000000-0000-4000-8000-000000000026', '10000000-0000-4000-8000-000000000026', '20000000-0000-4000-8000-000000000026', 'd0c70000-0000-4000-8000-000000000005', 'Orthopedics', 'DOCTOR_ASSIGNED', 'Doctor assigned', 'Assignment Agent assigned Dr. Arjun Kapoor to OR-1026. Orthopedics match for wrist injury after a fall; balanced across the roster.', 'AGENT', now() - interval '10742 minutes');
insert into patient_timeline_event (id, patient_id, intake_id, actor_staff_user_id, department, event_type, title, description, source, created_at) values ('65000000-0000-4000-8000-000000000026', '10000000-0000-4000-8000-000000000026', '20000000-0000-4000-8000-000000000026', null, 'Orthopedics', 'DOCTOR_NOTIFIED', 'Care team notified', 'Notification Agent alerted Dr. Arjun Kapoor and the Orthopedics desk about OR-1026.', 'AGENT', now() - interval '10741 minutes');
insert into patient_timeline_event (id, patient_id, intake_id, actor_staff_user_id, department, event_type, title, description, source, created_at) values ('66000000-0000-4000-8000-000000000026', '10000000-0000-4000-8000-000000000026', '20000000-0000-4000-8000-000000000026', 'd0c70000-0000-4000-8000-000000000005', 'Orthopedics', 'STATUS_CHANGED', 'Treatment started', 'Dr. Arjun Kapoor moved OR-1026 to IN_TREATMENT.', 'STAFF', now() - interval '10710 minutes');
insert into patient_timeline_event (id, patient_id, intake_id, actor_staff_user_id, department, event_type, title, description, source, created_at) values ('67000000-0000-4000-8000-000000000026', '10000000-0000-4000-8000-000000000026', '20000000-0000-4000-8000-000000000026', 'd0c70000-0000-4000-8000-000000000005', 'Orthopedics', 'STATUS_CHANGED', 'Patient discharged', 'Dr. Arjun Kapoor discharged OR-1026 after treatment.', 'STAFF', now() - interval '10533 minutes');
insert into patient_thread_comment (id, patient_id, intake_id, author_name, body, created_at) values ('70000000-0000-4000-8000-000000000026', '10000000-0000-4000-8000-000000000026', '20000000-0000-4000-8000-000000000026', 'Medical Research Agent', 'Medical research briefing for Wrist injury after a fall (automated online research):

- Possible distal radius fracture: Immobilize and elevate; analgesia as needed.
- Watch for: wrist pain, swelling.
- Suggested tests: Wrist X-ray (AP + lateral).

Sources:
- [PubMed] Clinical overview of Possible distal radius fracture (https://pubmed.ncbi.nlm.nih.gov/)
- [ICMR] Indian clinical guidance on Possible distal radius fracture (https://www.icmr.gov.in/)', now() - interval '10743 minutes');

-- Patient GE-1027 — Persistent cough and mild fever (LOW, DISCHARGED) -> Dr. Neha Sharma
insert into patient (id, display_id, age_band, created_at) values ('10000000-0000-4000-8000-000000000027', 'GE-1027', 'OLDER_ADULT', now() - interval '38093 minutes');
insert into intake (id, patient_id, arrival_timestamp, arrival_mode, chief_complaint, pain_level, age, height_cm, weight_kg, temperature_c, heart_rate, systolic_pressure, diastolic_pressure, respiratory_rate, oxygen_saturation, chest_pain, breathing_difficulty, altered_mental_state, severe_bleeding, pregnancy, pediatric_risk, fall_or_trauma, immunocompromised, department, current_status, created_at, updated_at) values ('20000000-0000-4000-8000-000000000027', '10000000-0000-4000-8000-000000000027', now() - interval '38093 minutes', 'REFERRAL', 'Persistent cough and mild fever', 2, 64, 178, 83, 37.69, 75, 128, 84, 17, 97, false, false, false, false, false, false, false, false, 'General', 'DISCHARGED', now() - interval '38093 minutes', now() - interval '38033 minutes');
insert into intake_structured_symptoms (intake_id, symptom) values ('20000000-0000-4000-8000-000000000027', 'cough');
insert into intake_structured_symptoms (intake_id, symptom) values ('20000000-0000-4000-8000-000000000027', 'mild fever');
insert into urgency_assessment (id, patient_id, intake_id, final_category, final_score, suggested_category, suggested_score, structured_symptom_summary, staff_facing_explanation, confidence_level, suggested_diagnosis, medical_attention_note, assessed_at) values ('30000000-0000-4000-8000-000000000027', '10000000-0000-4000-8000-000000000027', '20000000-0000-4000-8000-000000000027', 'LOW', 14, 'LOW', 14, 'Adult patient presenting with cough, mild fever.', 'Triaged LOW (score 14). Symptomatic care; return if breathing worsens.', 'HIGH', 'Upper respiratory tract infection', 'Symptomatic care; return if breathing worsens.', now() - interval '38091 minutes');
insert into urgency_score_factors (assessment_id, factor) values ('30000000-0000-4000-8000-000000000027', 'Chief complaint: Persistent cough and mild fever');
insert into care_team_assignment (id, patient_id, intake_id, assigned_doctor_id, department, assignment_reason, active, assigned_at) values ('50000000-0000-4000-8000-000000000027', '10000000-0000-4000-8000-000000000027', '20000000-0000-4000-8000-000000000027', 'd0c70000-0000-4000-8000-000000000002', 'General', 'General Medicine match for persistent cough and mild fever; balanced across the roster.', false, now() - interval '38089 minutes');
insert into patient_timeline_event (id, patient_id, intake_id, actor_staff_user_id, department, event_type, title, description, source, created_at) values ('61000000-0000-4000-8000-000000000027', '10000000-0000-4000-8000-000000000027', '20000000-0000-4000-8000-000000000027', '77777777-7777-7777-7777-777777777777', 'General', 'INTAKE_INGESTED', 'Intake ingested', 'Nina Patel created the intake for GE-1027.', 'STAFF', now() - interval '38093 minutes');
insert into patient_timeline_event (id, patient_id, intake_id, actor_staff_user_id, department, event_type, title, description, source, created_at) values ('62000000-0000-4000-8000-000000000027', '10000000-0000-4000-8000-000000000027', '20000000-0000-4000-8000-000000000027', null, 'General', 'QUEUE_SORTED', 'Patient sorted', 'Priority Agent placed GE-1027 as LOW with score 14.', 'AGENT', now() - interval '38092 minutes');
insert into patient_timeline_event (id, patient_id, intake_id, actor_staff_user_id, department, event_type, title, description, source, created_at) values ('63000000-0000-4000-8000-000000000027', '10000000-0000-4000-8000-000000000027', '20000000-0000-4000-8000-000000000027', null, 'General', 'MEDICAL_RESEARCH', 'Medical research saved', 'Medical Research Agent researched "Upper respiratory tract infection", wrote a briefing, and attached source links to the patient thread.', 'AGENT', now() - interval '38090 minutes');
insert into patient_timeline_event (id, patient_id, intake_id, actor_staff_user_id, department, event_type, title, description, source, created_at) values ('64000000-0000-4000-8000-000000000027', '10000000-0000-4000-8000-000000000027', '20000000-0000-4000-8000-000000000027', 'd0c70000-0000-4000-8000-000000000002', 'General', 'DOCTOR_ASSIGNED', 'Doctor assigned', 'Assignment Agent assigned Dr. Neha Sharma to GE-1027. General Medicine match for persistent cough and mild fever; balanced across the roster.', 'AGENT', now() - interval '38089 minutes');
insert into patient_timeline_event (id, patient_id, intake_id, actor_staff_user_id, department, event_type, title, description, source, created_at) values ('65000000-0000-4000-8000-000000000027', '10000000-0000-4000-8000-000000000027', '20000000-0000-4000-8000-000000000027', null, 'General', 'DOCTOR_NOTIFIED', 'Care team notified', 'Notification Agent alerted Dr. Neha Sharma and the General desk about GE-1027.', 'AGENT', now() - interval '38088 minutes');
insert into patient_timeline_event (id, patient_id, intake_id, actor_staff_user_id, department, event_type, title, description, source, created_at) values ('66000000-0000-4000-8000-000000000027', '10000000-0000-4000-8000-000000000027', '20000000-0000-4000-8000-000000000027', 'd0c70000-0000-4000-8000-000000000002', 'General', 'STATUS_CHANGED', 'Treatment started', 'Dr. Neha Sharma moved GE-1027 to IN_TREATMENT.', 'STAFF', now() - interval '38047 minutes');
insert into patient_timeline_event (id, patient_id, intake_id, actor_staff_user_id, department, event_type, title, description, source, created_at) values ('67000000-0000-4000-8000-000000000027', '10000000-0000-4000-8000-000000000027', '20000000-0000-4000-8000-000000000027', 'd0c70000-0000-4000-8000-000000000002', 'General', 'STATUS_CHANGED', 'Patient discharged', 'Dr. Neha Sharma discharged GE-1027 after treatment.', 'STAFF', now() - interval '37908 minutes');
insert into patient_thread_comment (id, patient_id, intake_id, author_name, body, created_at) values ('70000000-0000-4000-8000-000000000027', '10000000-0000-4000-8000-000000000027', '20000000-0000-4000-8000-000000000027', 'Medical Research Agent', 'Medical research briefing for Persistent cough and mild fever (automated online research):

- Upper respiratory tract infection: Symptomatic care; return if breathing worsens.
- Watch for: cough, mild fever.
- Suggested tests: Clinical assessment.

Sources:
- [PubMed] Clinical overview of Upper respiratory tract infection (https://pubmed.ncbi.nlm.nih.gov/)
- [ICMR] Indian clinical guidance on Upper respiratory tract infection (https://www.icmr.gov.in/)', now() - interval '38090 minutes');

-- Patient GE-1028 — High fever, body ache and rash (HIGH, DISCHARGED) -> Dr. Sanjay Gupta
insert into patient (id, display_id, age_band, created_at) values ('10000000-0000-4000-8000-000000000028', 'GE-1028', 'ADULT', now() - interval '14527 minutes');
insert into intake (id, patient_id, arrival_timestamp, arrival_mode, chief_complaint, pain_level, age, height_cm, weight_kg, temperature_c, heart_rate, systolic_pressure, diastolic_pressure, respiratory_rate, oxygen_saturation, chest_pain, breathing_difficulty, altered_mental_state, severe_bleeding, pregnancy, pediatric_risk, fall_or_trauma, immunocompromised, department, current_status, created_at, updated_at) values ('20000000-0000-4000-8000-000000000028', '10000000-0000-4000-8000-000000000028', now() - interval '14527 minutes', 'TRANSFER', 'High fever, body ache and rash', 6, 42, 181, 87, 36.58, 113, 126, 78, 26, 92, false, false, false, false, false, false, false, false, 'General', 'DISCHARGED', now() - interval '14527 minutes', now() - interval '14467 minutes');
insert into intake_structured_symptoms (intake_id, symptom) values ('20000000-0000-4000-8000-000000000028', 'high fever');
insert into intake_structured_symptoms (intake_id, symptom) values ('20000000-0000-4000-8000-000000000028', 'body ache');
insert into intake_structured_symptoms (intake_id, symptom) values ('20000000-0000-4000-8000-000000000028', 'headache');
insert into intake_structured_symptoms (intake_id, symptom) values ('20000000-0000-4000-8000-000000000028', 'rash');
insert into urgency_assessment (id, patient_id, intake_id, final_category, final_score, suggested_category, suggested_score, structured_symptom_summary, staff_facing_explanation, confidence_level, suggested_diagnosis, medical_attention_note, assessed_at) values ('30000000-0000-4000-8000-000000000028', '10000000-0000-4000-8000-000000000028', '20000000-0000-4000-8000-000000000028', 'HIGH', 80, 'HIGH', 80, 'Adult patient presenting with high fever, body ache, headache, rash.', 'Triaged HIGH (score 80). Monitor platelets and hydration; dengue is seasonally prevalent locally.', 'HIGH', 'Suspected dengue fever', 'Monitor platelets and hydration; dengue is seasonally prevalent locally.', now() - interval '14525 minutes');
insert into urgency_score_factors (assessment_id, factor) values ('30000000-0000-4000-8000-000000000028', 'Abnormal vital signs');
insert into urgency_score_factors (assessment_id, factor) values ('30000000-0000-4000-8000-000000000028', 'Chief complaint: High fever, body ache and rash');
insert into urgency_score_factors (assessment_id, factor) values ('30000000-0000-4000-8000-000000000028', 'Low oxygen saturation');
insert into care_team_assignment (id, patient_id, intake_id, assigned_doctor_id, department, assignment_reason, active, assigned_at) values ('50000000-0000-4000-8000-000000000028', '10000000-0000-4000-8000-000000000028', '20000000-0000-4000-8000-000000000028', 'd0c70000-0000-4000-8000-000000000003', 'General', 'General Medicine match for high fever, body ache and rash; balanced across the roster.', false, now() - interval '14523 minutes');
insert into patient_timeline_event (id, patient_id, intake_id, actor_staff_user_id, department, event_type, title, description, source, created_at) values ('61000000-0000-4000-8000-000000000028', '10000000-0000-4000-8000-000000000028', '20000000-0000-4000-8000-000000000028', '77777777-7777-7777-7777-777777777777', 'General', 'INTAKE_INGESTED', 'Intake ingested', 'Nina Patel created the intake for GE-1028.', 'STAFF', now() - interval '14527 minutes');
insert into patient_timeline_event (id, patient_id, intake_id, actor_staff_user_id, department, event_type, title, description, source, created_at) values ('62000000-0000-4000-8000-000000000028', '10000000-0000-4000-8000-000000000028', '20000000-0000-4000-8000-000000000028', null, 'General', 'QUEUE_SORTED', 'Patient sorted', 'Priority Agent placed GE-1028 as HIGH with score 80.', 'AGENT', now() - interval '14526 minutes');
insert into patient_timeline_event (id, patient_id, intake_id, actor_staff_user_id, department, event_type, title, description, source, created_at) values ('63000000-0000-4000-8000-000000000028', '10000000-0000-4000-8000-000000000028', '20000000-0000-4000-8000-000000000028', null, 'General', 'MEDICAL_RESEARCH', 'Medical research saved', 'Medical Research Agent researched "Suspected dengue fever", wrote a briefing, and attached source links to the patient thread.', 'AGENT', now() - interval '14524 minutes');
insert into patient_timeline_event (id, patient_id, intake_id, actor_staff_user_id, department, event_type, title, description, source, created_at) values ('64000000-0000-4000-8000-000000000028', '10000000-0000-4000-8000-000000000028', '20000000-0000-4000-8000-000000000028', 'd0c70000-0000-4000-8000-000000000003', 'General', 'DOCTOR_ASSIGNED', 'Doctor assigned', 'Assignment Agent assigned Dr. Sanjay Gupta to GE-1028. General Medicine match for high fever, body ache and rash; balanced across the roster.', 'AGENT', now() - interval '14523 minutes');
insert into patient_timeline_event (id, patient_id, intake_id, actor_staff_user_id, department, event_type, title, description, source, created_at) values ('65000000-0000-4000-8000-000000000028', '10000000-0000-4000-8000-000000000028', '20000000-0000-4000-8000-000000000028', null, 'General', 'DOCTOR_NOTIFIED', 'Care team notified', 'Notification Agent alerted Dr. Sanjay Gupta and the General desk about GE-1028.', 'AGENT', now() - interval '14522 minutes');
insert into patient_timeline_event (id, patient_id, intake_id, actor_staff_user_id, department, event_type, title, description, source, created_at) values ('66000000-0000-4000-8000-000000000028', '10000000-0000-4000-8000-000000000028', '20000000-0000-4000-8000-000000000028', 'd0c70000-0000-4000-8000-000000000003', 'General', 'STATUS_CHANGED', 'Treatment started', 'Dr. Sanjay Gupta moved GE-1028 to IN_TREATMENT.', 'STAFF', now() - interval '14498 minutes');
insert into patient_timeline_event (id, patient_id, intake_id, actor_staff_user_id, department, event_type, title, description, source, created_at) values ('67000000-0000-4000-8000-000000000028', '10000000-0000-4000-8000-000000000028', '20000000-0000-4000-8000-000000000028', 'd0c70000-0000-4000-8000-000000000003', 'General', 'STATUS_CHANGED', 'Patient discharged', 'Dr. Sanjay Gupta discharged GE-1028 after treatment.', 'STAFF', now() - interval '14376 minutes');
insert into patient_thread_comment (id, patient_id, intake_id, author_name, body, created_at) values ('70000000-0000-4000-8000-000000000028', '10000000-0000-4000-8000-000000000028', '20000000-0000-4000-8000-000000000028', 'Medical Research Agent', 'Medical research briefing for High fever, body ache and rash (automated online research):

- Suspected dengue fever: Monitor platelets and hydration; dengue is seasonally prevalent locally.
- Watch for: high fever, body ache, headache, rash.
- Suggested tests: CBC with platelet count, NS1 antigen, Dengue serology.

Sources:
- [PubMed] Clinical overview of Suspected dengue fever (https://pubmed.ncbi.nlm.nih.gov/)
- [ICMR] Indian clinical guidance on Suspected dengue fever (https://www.icmr.gov.in/)', now() - interval '14524 minutes');

-- Patient EM-1029 — Deep laceration with bleeding (HIGH, WAITING) -> Dr. Anika Shah
insert into patient (id, display_id, age_band, created_at) values ('10000000-0000-4000-8000-000000000029', 'EM-1029', 'ADULT', now() - interval '155 minutes');
insert into intake (id, patient_id, arrival_timestamp, arrival_mode, chief_complaint, pain_level, age, height_cm, weight_kg, temperature_c, heart_rate, systolic_pressure, diastolic_pressure, respiratory_rate, oxygen_saturation, chest_pain, breathing_difficulty, altered_mental_state, severe_bleeding, pregnancy, pediatric_risk, fall_or_trauma, immunocompromised, department, current_status, created_at, updated_at) values ('20000000-0000-4000-8000-000000000029', '10000000-0000-4000-8000-000000000029', now() - interval '155 minutes', 'WALK_IN', 'Deep laceration with bleeding', 6, 53, 173, 91, 38.64, 107, 132, 83, 22, 94, false, false, false, true, false, false, false, false, 'Emergency', 'WAITING', now() - interval '155 minutes', now() - interval '95 minutes');
insert into intake_structured_symptoms (intake_id, symptom) values ('20000000-0000-4000-8000-000000000029', 'bleeding');
insert into intake_structured_symptoms (intake_id, symptom) values ('20000000-0000-4000-8000-000000000029', 'wound');
insert into urgency_assessment (id, patient_id, intake_id, final_category, final_score, suggested_category, suggested_score, structured_symptom_summary, staff_facing_explanation, confidence_level, suggested_diagnosis, medical_attention_note, assessed_at) values ('30000000-0000-4000-8000-000000000029', '10000000-0000-4000-8000-000000000029', '20000000-0000-4000-8000-000000000029', 'HIGH', 86, 'HIGH', 86, 'Adult patient presenting with bleeding, wound.', 'Triaged HIGH (score 86). Apply pressure, assess depth and neurovascular status.', 'HIGH', 'Laceration requiring repair', 'Apply pressure, assess depth and neurovascular status.', now() - interval '153 minutes');
insert into urgency_score_factors (assessment_id, factor) values ('30000000-0000-4000-8000-000000000029', 'Abnormal vital signs');
insert into urgency_score_factors (assessment_id, factor) values ('30000000-0000-4000-8000-000000000029', 'Chief complaint: Deep laceration with bleeding');
insert into urgency_red_flags (assessment_id, red_flag) values ('30000000-0000-4000-8000-000000000029', 'Severe bleeding');
insert into care_team_assignment (id, patient_id, intake_id, assigned_doctor_id, department, assignment_reason, active, assigned_at) values ('50000000-0000-4000-8000-000000000029', '10000000-0000-4000-8000-000000000029', '20000000-0000-4000-8000-000000000029', 'aaaaaaaa-aaaa-aaaa-aaaa-aaaaaaaaaaaa', 'Emergency', 'Emergency Medicine match for deep laceration with bleeding; balanced across the roster.', true, now() - interval '151 minutes');
insert into queue_entry (id, patient_id, intake_id, urgency_category, urgency_score, waiting_since, department, status, staff_escalated, created_at, updated_at) values ('40000000-0000-4000-8000-000000000029', '10000000-0000-4000-8000-000000000029', '20000000-0000-4000-8000-000000000029', 'HIGH', 86, now() - interval '155 minutes', 'Emergency', 'WAITING', false, now() - interval '155 minutes', now() - interval '125 minutes');
insert into patient_timeline_event (id, patient_id, intake_id, actor_staff_user_id, department, event_type, title, description, source, created_at) values ('61000000-0000-4000-8000-000000000029', '10000000-0000-4000-8000-000000000029', '20000000-0000-4000-8000-000000000029', '77777777-7777-7777-7777-777777777777', 'Emergency', 'INTAKE_INGESTED', 'Intake ingested', 'Nina Patel created the intake for EM-1029.', 'STAFF', now() - interval '155 minutes');
insert into patient_timeline_event (id, patient_id, intake_id, actor_staff_user_id, department, event_type, title, description, source, created_at) values ('62000000-0000-4000-8000-000000000029', '10000000-0000-4000-8000-000000000029', '20000000-0000-4000-8000-000000000029', null, 'Emergency', 'QUEUE_SORTED', 'Patient sorted', 'Priority Agent placed EM-1029 as HIGH with score 86.', 'AGENT', now() - interval '154 minutes');
insert into patient_timeline_event (id, patient_id, intake_id, actor_staff_user_id, department, event_type, title, description, source, created_at) values ('63000000-0000-4000-8000-000000000029', '10000000-0000-4000-8000-000000000029', '20000000-0000-4000-8000-000000000029', null, 'Emergency', 'MEDICAL_RESEARCH', 'Medical research saved', 'Medical Research Agent researched "Laceration requiring repair", wrote a briefing, and attached source links to the patient thread.', 'AGENT', now() - interval '152 minutes');
insert into patient_timeline_event (id, patient_id, intake_id, actor_staff_user_id, department, event_type, title, description, source, created_at) values ('64000000-0000-4000-8000-000000000029', '10000000-0000-4000-8000-000000000029', '20000000-0000-4000-8000-000000000029', 'aaaaaaaa-aaaa-aaaa-aaaa-aaaaaaaaaaaa', 'Emergency', 'DOCTOR_ASSIGNED', 'Doctor assigned', 'Assignment Agent assigned Dr. Anika Shah to EM-1029. Emergency Medicine match for deep laceration with bleeding; balanced across the roster.', 'AGENT', now() - interval '151 minutes');
insert into patient_timeline_event (id, patient_id, intake_id, actor_staff_user_id, department, event_type, title, description, source, created_at) values ('65000000-0000-4000-8000-000000000029', '10000000-0000-4000-8000-000000000029', '20000000-0000-4000-8000-000000000029', null, 'Emergency', 'DOCTOR_NOTIFIED', 'Care team notified', 'Notification Agent alerted Dr. Anika Shah and the Emergency desk about EM-1029.', 'AGENT', now() - interval '150 minutes');
insert into patient_thread_comment (id, patient_id, intake_id, author_name, body, created_at) values ('70000000-0000-4000-8000-000000000029', '10000000-0000-4000-8000-000000000029', '20000000-0000-4000-8000-000000000029', 'Medical Research Agent', 'Medical research briefing for Deep laceration with bleeding (automated online research):

- Laceration requiring repair: Apply pressure, assess depth and neurovascular status.
- Watch for: bleeding, wound.
- Suggested tests: Wound assessment, Tetanus status review.

Sources:
- [PubMed] Clinical overview of Laceration requiring repair (https://pubmed.ncbi.nlm.nih.gov/)
- [ICMR] Indian clinical guidance on Laceration requiring repair (https://www.icmr.gov.in/)', now() - interval '152 minutes');

-- Patient EM-1030 — Sudden slurred speech and facial droop (CRITICAL, WAITING) -> Dr. Vikram Desai
insert into patient (id, display_id, age_band, created_at) values ('10000000-0000-4000-8000-000000000030', 'EM-1030', 'ADULT', now() - interval '199 minutes');
insert into intake (id, patient_id, arrival_timestamp, arrival_mode, chief_complaint, pain_level, age, height_cm, weight_kg, temperature_c, heart_rate, systolic_pressure, diastolic_pressure, respiratory_rate, oxygen_saturation, chest_pain, breathing_difficulty, altered_mental_state, severe_bleeding, pregnancy, pediatric_risk, fall_or_trauma, immunocompromised, department, current_status, created_at, updated_at) values ('20000000-0000-4000-8000-000000000030', '10000000-0000-4000-8000-000000000030', now() - interval '199 minutes', 'AMBULANCE', 'Sudden slurred speech and facial droop', 8, 34, 173, 81, 36.61, 129, 109, 79, 33, 84, false, false, true, false, false, false, false, false, 'Emergency', 'WAITING', now() - interval '199 minutes', now() - interval '139 minutes');
insert into intake_structured_symptoms (intake_id, symptom) values ('20000000-0000-4000-8000-000000000030', 'slurred speech');
insert into intake_structured_symptoms (intake_id, symptom) values ('20000000-0000-4000-8000-000000000030', 'facial droop');
insert into intake_structured_symptoms (intake_id, symptom) values ('20000000-0000-4000-8000-000000000030', 'weakness');
insert into urgency_assessment (id, patient_id, intake_id, final_category, final_score, suggested_category, suggested_score, structured_symptom_summary, staff_facing_explanation, confidence_level, suggested_diagnosis, medical_attention_note, assessed_at) values ('30000000-0000-4000-8000-000000000030', '10000000-0000-4000-8000-000000000030', '20000000-0000-4000-8000-000000000030', 'CRITICAL', 91, 'CRITICAL', 91, 'Adult patient presenting with slurred speech, facial droop, weakness.', 'Triaged CRITICAL (score 91). Activate stroke pathway; document last-known-well time.', 'MEDIUM', 'Possible acute stroke', 'Activate stroke pathway; document last-known-well time.', now() - interval '197 minutes');
insert into urgency_score_factors (assessment_id, factor) values ('30000000-0000-4000-8000-000000000030', 'Abnormal vital signs');
insert into urgency_score_factors (assessment_id, factor) values ('30000000-0000-4000-8000-000000000030', 'Chief complaint: Sudden slurred speech and facial droop');
insert into urgency_score_factors (assessment_id, factor) values ('30000000-0000-4000-8000-000000000030', 'Low oxygen saturation');
insert into urgency_red_flags (assessment_id, red_flag) values ('30000000-0000-4000-8000-000000000030', 'Altered mental state');
insert into care_team_assignment (id, patient_id, intake_id, assigned_doctor_id, department, assignment_reason, active, assigned_at) values ('50000000-0000-4000-8000-000000000030', '10000000-0000-4000-8000-000000000030', '20000000-0000-4000-8000-000000000030', 'd0c70000-0000-4000-8000-000000000006', 'Emergency', 'Neurology match for sudden slurred speech and facial droop; balanced across the roster.', true, now() - interval '195 minutes');
insert into queue_entry (id, patient_id, intake_id, urgency_category, urgency_score, waiting_since, department, status, staff_escalated, created_at, updated_at) values ('40000000-0000-4000-8000-000000000030', '10000000-0000-4000-8000-000000000030', '20000000-0000-4000-8000-000000000030', 'CRITICAL', 91, now() - interval '199 minutes', 'Emergency', 'WAITING', true, now() - interval '199 minutes', now() - interval '169 minutes');
insert into patient_timeline_event (id, patient_id, intake_id, actor_staff_user_id, department, event_type, title, description, source, created_at) values ('61000000-0000-4000-8000-000000000030', '10000000-0000-4000-8000-000000000030', '20000000-0000-4000-8000-000000000030', '77777777-7777-7777-7777-777777777777', 'Emergency', 'INTAKE_INGESTED', 'Intake ingested', 'Nina Patel created the intake for EM-1030.', 'STAFF', now() - interval '199 minutes');
insert into patient_timeline_event (id, patient_id, intake_id, actor_staff_user_id, department, event_type, title, description, source, created_at) values ('62000000-0000-4000-8000-000000000030', '10000000-0000-4000-8000-000000000030', '20000000-0000-4000-8000-000000000030', null, 'Emergency', 'QUEUE_SORTED', 'Patient sorted', 'Priority Agent placed EM-1030 as CRITICAL with score 91.', 'AGENT', now() - interval '198 minutes');
insert into patient_timeline_event (id, patient_id, intake_id, actor_staff_user_id, department, event_type, title, description, source, created_at) values ('63000000-0000-4000-8000-000000000030', '10000000-0000-4000-8000-000000000030', '20000000-0000-4000-8000-000000000030', null, 'Emergency', 'MEDICAL_RESEARCH', 'Medical research saved', 'Medical Research Agent researched "Possible acute stroke", wrote a briefing, and attached source links to the patient thread.', 'AGENT', now() - interval '196 minutes');
insert into patient_timeline_event (id, patient_id, intake_id, actor_staff_user_id, department, event_type, title, description, source, created_at) values ('64000000-0000-4000-8000-000000000030', '10000000-0000-4000-8000-000000000030', '20000000-0000-4000-8000-000000000030', 'd0c70000-0000-4000-8000-000000000006', 'Emergency', 'DOCTOR_ASSIGNED', 'Doctor assigned', 'Assignment Agent assigned Dr. Vikram Desai to EM-1030. Neurology match for sudden slurred speech and facial droop; balanced across the roster.', 'AGENT', now() - interval '195 minutes');
insert into patient_timeline_event (id, patient_id, intake_id, actor_staff_user_id, department, event_type, title, description, source, created_at) values ('65000000-0000-4000-8000-000000000030', '10000000-0000-4000-8000-000000000030', '20000000-0000-4000-8000-000000000030', null, 'Emergency', 'DOCTOR_NOTIFIED', 'Care team notified', 'Notification Agent alerted Dr. Vikram Desai and the Emergency desk about EM-1030.', 'AGENT', now() - interval '194 minutes');
insert into patient_thread_comment (id, patient_id, intake_id, author_name, body, created_at) values ('70000000-0000-4000-8000-000000000030', '10000000-0000-4000-8000-000000000030', '20000000-0000-4000-8000-000000000030', 'Medical Research Agent', 'Medical research briefing for Sudden slurred speech and facial droop (automated online research):

- Possible acute stroke: Activate stroke pathway; document last-known-well time.
- Watch for: slurred speech, facial droop, weakness.
- Suggested tests: Non-contrast CT head, Blood glucose, NIHSS assessment.

Sources:
- [PubMed] Clinical overview of Possible acute stroke (https://pubmed.ncbi.nlm.nih.gov/)
- [ICMR] Indian clinical guidance on Possible acute stroke (https://www.icmr.gov.in/)', now() - interval '196 minutes');

-- Patient EM-1031 — Palpitations and dizziness (MEDIUM, WAITING) -> Dr. Mateo Rivera
insert into patient (id, display_id, age_band, created_at) values ('10000000-0000-4000-8000-000000000031', 'EM-1031', 'ADULT', now() - interval '186 minutes');
insert into intake (id, patient_id, arrival_timestamp, arrival_mode, chief_complaint, pain_level, age, height_cm, weight_kg, temperature_c, heart_rate, systolic_pressure, diastolic_pressure, respiratory_rate, oxygen_saturation, chest_pain, breathing_difficulty, altered_mental_state, severe_bleeding, pregnancy, pediatric_risk, fall_or_trauma, immunocompromised, department, current_status, created_at, updated_at) values ('20000000-0000-4000-8000-000000000031', '10000000-0000-4000-8000-000000000031', now() - interval '186 minutes', 'WALK_IN', 'Palpitations and dizziness', 4, 46, 158, 68, 38.88, 82, 124, 82, 17, 98, false, false, false, false, false, false, false, false, 'Emergency', 'WAITING', now() - interval '186 minutes', now() - interval '126 minutes');
insert into intake_structured_symptoms (intake_id, symptom) values ('20000000-0000-4000-8000-000000000031', 'palpitations');
insert into intake_structured_symptoms (intake_id, symptom) values ('20000000-0000-4000-8000-000000000031', 'dizziness');
insert into urgency_assessment (id, patient_id, intake_id, final_category, final_score, suggested_category, suggested_score, structured_symptom_summary, staff_facing_explanation, confidence_level, suggested_diagnosis, medical_attention_note, assessed_at) values ('30000000-0000-4000-8000-000000000031', '10000000-0000-4000-8000-000000000031', '20000000-0000-4000-8000-000000000031', 'MEDIUM', 61, 'MEDIUM', 61, 'Adult patient presenting with palpitations, dizziness.', 'Triaged MEDIUM (score 61). Continuous monitoring if palpitations recur.', 'MEDIUM', 'Possible arrhythmia', 'Continuous monitoring if palpitations recur.', now() - interval '184 minutes');
insert into urgency_score_factors (assessment_id, factor) values ('30000000-0000-4000-8000-000000000031', 'Chief complaint: Palpitations and dizziness');
insert into care_team_assignment (id, patient_id, intake_id, assigned_doctor_id, department, assignment_reason, active, assigned_at) values ('50000000-0000-4000-8000-000000000031', '10000000-0000-4000-8000-000000000031', '20000000-0000-4000-8000-000000000031', 'bbbbbbbb-bbbb-bbbb-bbbb-bbbbbbbbbbbb', 'Emergency', 'Cardiology match for palpitations and dizziness; balanced across the roster.', true, now() - interval '182 minutes');
insert into queue_entry (id, patient_id, intake_id, urgency_category, urgency_score, waiting_since, department, status, staff_escalated, created_at, updated_at) values ('40000000-0000-4000-8000-000000000031', '10000000-0000-4000-8000-000000000031', '20000000-0000-4000-8000-000000000031', 'MEDIUM', 61, now() - interval '186 minutes', 'Emergency', 'WAITING', false, now() - interval '186 minutes', now() - interval '156 minutes');
insert into patient_timeline_event (id, patient_id, intake_id, actor_staff_user_id, department, event_type, title, description, source, created_at) values ('61000000-0000-4000-8000-000000000031', '10000000-0000-4000-8000-000000000031', '20000000-0000-4000-8000-000000000031', '77777777-7777-7777-7777-777777777777', 'Emergency', 'INTAKE_INGESTED', 'Intake ingested', 'Nina Patel created the intake for EM-1031.', 'STAFF', now() - interval '186 minutes');
insert into patient_timeline_event (id, patient_id, intake_id, actor_staff_user_id, department, event_type, title, description, source, created_at) values ('62000000-0000-4000-8000-000000000031', '10000000-0000-4000-8000-000000000031', '20000000-0000-4000-8000-000000000031', null, 'Emergency', 'QUEUE_SORTED', 'Patient sorted', 'Priority Agent placed EM-1031 as MEDIUM with score 61.', 'AGENT', now() - interval '185 minutes');
insert into patient_timeline_event (id, patient_id, intake_id, actor_staff_user_id, department, event_type, title, description, source, created_at) values ('63000000-0000-4000-8000-000000000031', '10000000-0000-4000-8000-000000000031', '20000000-0000-4000-8000-000000000031', null, 'Emergency', 'MEDICAL_RESEARCH', 'Medical research saved', 'Medical Research Agent researched "Possible arrhythmia", wrote a briefing, and attached source links to the patient thread.', 'AGENT', now() - interval '183 minutes');
insert into patient_timeline_event (id, patient_id, intake_id, actor_staff_user_id, department, event_type, title, description, source, created_at) values ('64000000-0000-4000-8000-000000000031', '10000000-0000-4000-8000-000000000031', '20000000-0000-4000-8000-000000000031', 'bbbbbbbb-bbbb-bbbb-bbbb-bbbbbbbbbbbb', 'Emergency', 'DOCTOR_ASSIGNED', 'Doctor assigned', 'Assignment Agent assigned Dr. Mateo Rivera to EM-1031. Cardiology match for palpitations and dizziness; balanced across the roster.', 'AGENT', now() - interval '182 minutes');
insert into patient_timeline_event (id, patient_id, intake_id, actor_staff_user_id, department, event_type, title, description, source, created_at) values ('65000000-0000-4000-8000-000000000031', '10000000-0000-4000-8000-000000000031', '20000000-0000-4000-8000-000000000031', null, 'Emergency', 'DOCTOR_NOTIFIED', 'Care team notified', 'Notification Agent alerted Dr. Mateo Rivera and the Emergency desk about EM-1031.', 'AGENT', now() - interval '181 minutes');
insert into patient_thread_comment (id, patient_id, intake_id, author_name, body, created_at) values ('70000000-0000-4000-8000-000000000031', '10000000-0000-4000-8000-000000000031', '20000000-0000-4000-8000-000000000031', 'Medical Research Agent', 'Medical research briefing for Palpitations and dizziness (automated online research):

- Possible arrhythmia: Continuous monitoring if palpitations recur.
- Watch for: palpitations, dizziness.
- Suggested tests: 12-lead ECG, Electrolytes, Thyroid panel.

Sources:
- [PubMed] Clinical overview of Possible arrhythmia (https://pubmed.ncbi.nlm.nih.gov/)
- [ICMR] Indian clinical guidance on Possible arrhythmia (https://www.icmr.gov.in/)', now() - interval '183 minutes');

-- Patient EM-1032 — Chest pain radiating to the left arm (CRITICAL, IN_TREATMENT) -> Dr. Mateo Rivera
insert into patient (id, display_id, age_band, created_at) values ('10000000-0000-4000-8000-000000000032', 'EM-1032', 'ADULT', now() - interval '24 minutes');
insert into intake (id, patient_id, arrival_timestamp, arrival_mode, chief_complaint, pain_level, age, height_cm, weight_kg, temperature_c, heart_rate, systolic_pressure, diastolic_pressure, respiratory_rate, oxygen_saturation, chest_pain, breathing_difficulty, altered_mental_state, severe_bleeding, pregnancy, pediatric_risk, fall_or_trauma, immunocompromised, department, current_status, created_at, updated_at) values ('20000000-0000-4000-8000-000000000032', '10000000-0000-4000-8000-000000000032', now() - interval '24 minutes', 'AMBULANCE', 'Chest pain radiating to the left arm', 8, 54, 175, 89, 39.17, 139, 146, 76, 32, 89, true, false, false, false, false, false, false, false, 'Emergency', 'IN_TREATMENT', now() - interval '24 minutes', now() - interval '0 minutes');
insert into intake_structured_symptoms (intake_id, symptom) values ('20000000-0000-4000-8000-000000000032', 'chest pain');
insert into intake_structured_symptoms (intake_id, symptom) values ('20000000-0000-4000-8000-000000000032', 'sweating');
insert into intake_structured_symptoms (intake_id, symptom) values ('20000000-0000-4000-8000-000000000032', 'shortness of breath');
insert into urgency_assessment (id, patient_id, intake_id, final_category, final_score, suggested_category, suggested_score, structured_symptom_summary, staff_facing_explanation, confidence_level, suggested_diagnosis, medical_attention_note, assessed_at) values ('30000000-0000-4000-8000-000000000032', '10000000-0000-4000-8000-000000000032', '20000000-0000-4000-8000-000000000032', 'CRITICAL', 95, 'CRITICAL', 95, 'Adult patient presenting with chest pain, sweating, shortness of breath.', 'Triaged CRITICAL (score 95). Time-critical: rule out myocardial infarction; continuous cardiac monitoring advised.', 'HIGH', 'Possible acute coronary syndrome', 'Time-critical: rule out myocardial infarction; continuous cardiac monitoring advised.', now() - interval '22 minutes');
insert into urgency_score_factors (assessment_id, factor) values ('30000000-0000-4000-8000-000000000032', 'Abnormal vital signs');
insert into urgency_score_factors (assessment_id, factor) values ('30000000-0000-4000-8000-000000000032', 'Chief complaint: Chest pain radiating to the left arm');
insert into urgency_score_factors (assessment_id, factor) values ('30000000-0000-4000-8000-000000000032', 'Low oxygen saturation');
insert into urgency_red_flags (assessment_id, red_flag) values ('30000000-0000-4000-8000-000000000032', 'Chest pain');
insert into care_team_assignment (id, patient_id, intake_id, assigned_doctor_id, department, assignment_reason, active, assigned_at) values ('50000000-0000-4000-8000-000000000032', '10000000-0000-4000-8000-000000000032', '20000000-0000-4000-8000-000000000032', 'bbbbbbbb-bbbb-bbbb-bbbb-bbbbbbbbbbbb', 'Emergency', 'Cardiology match for chest pain radiating to the left arm; balanced across the roster.', true, now() - interval '20 minutes');
insert into queue_entry (id, patient_id, intake_id, urgency_category, urgency_score, waiting_since, department, status, staff_escalated, created_at, updated_at) values ('40000000-0000-4000-8000-000000000032', '10000000-0000-4000-8000-000000000032', '20000000-0000-4000-8000-000000000032', 'CRITICAL', 95, now() - interval '24 minutes', 'Emergency', 'IN_TREATMENT', true, now() - interval '24 minutes', now() - interval '0 minutes');
insert into patient_timeline_event (id, patient_id, intake_id, actor_staff_user_id, department, event_type, title, description, source, created_at) values ('61000000-0000-4000-8000-000000000032', '10000000-0000-4000-8000-000000000032', '20000000-0000-4000-8000-000000000032', '77777777-7777-7777-7777-777777777777', 'Emergency', 'INTAKE_INGESTED', 'Intake ingested', 'Nina Patel created the intake for EM-1032.', 'STAFF', now() - interval '24 minutes');
insert into patient_timeline_event (id, patient_id, intake_id, actor_staff_user_id, department, event_type, title, description, source, created_at) values ('62000000-0000-4000-8000-000000000032', '10000000-0000-4000-8000-000000000032', '20000000-0000-4000-8000-000000000032', null, 'Emergency', 'QUEUE_SORTED', 'Patient sorted', 'Priority Agent placed EM-1032 as CRITICAL with score 95.', 'AGENT', now() - interval '23 minutes');
insert into patient_timeline_event (id, patient_id, intake_id, actor_staff_user_id, department, event_type, title, description, source, created_at) values ('63000000-0000-4000-8000-000000000032', '10000000-0000-4000-8000-000000000032', '20000000-0000-4000-8000-000000000032', null, 'Emergency', 'MEDICAL_RESEARCH', 'Medical research saved', 'Medical Research Agent researched "Possible acute coronary syndrome", wrote a briefing, and attached source links to the patient thread.', 'AGENT', now() - interval '21 minutes');
insert into patient_timeline_event (id, patient_id, intake_id, actor_staff_user_id, department, event_type, title, description, source, created_at) values ('64000000-0000-4000-8000-000000000032', '10000000-0000-4000-8000-000000000032', '20000000-0000-4000-8000-000000000032', 'bbbbbbbb-bbbb-bbbb-bbbb-bbbbbbbbbbbb', 'Emergency', 'DOCTOR_ASSIGNED', 'Doctor assigned', 'Assignment Agent assigned Dr. Mateo Rivera to EM-1032. Cardiology match for chest pain radiating to the left arm; balanced across the roster.', 'AGENT', now() - interval '20 minutes');
insert into patient_timeline_event (id, patient_id, intake_id, actor_staff_user_id, department, event_type, title, description, source, created_at) values ('65000000-0000-4000-8000-000000000032', '10000000-0000-4000-8000-000000000032', '20000000-0000-4000-8000-000000000032', null, 'Emergency', 'DOCTOR_NOTIFIED', 'Care team notified', 'Notification Agent alerted Dr. Mateo Rivera and the Emergency desk about EM-1032.', 'AGENT', now() - interval '19 minutes');
insert into patient_timeline_event (id, patient_id, intake_id, actor_staff_user_id, department, event_type, title, description, source, created_at) values ('66000000-0000-4000-8000-000000000032', '10000000-0000-4000-8000-000000000032', '20000000-0000-4000-8000-000000000032', 'bbbbbbbb-bbbb-bbbb-bbbb-bbbbbbbbbbbb', 'Emergency', 'STATUS_CHANGED', 'Treatment started', 'Dr. Mateo Rivera moved EM-1032 to IN_TREATMENT.', 'STAFF', now() - interval '16 minutes');
insert into patient_thread_comment (id, patient_id, intake_id, author_name, body, created_at) values ('70000000-0000-4000-8000-000000000032', '10000000-0000-4000-8000-000000000032', '20000000-0000-4000-8000-000000000032', 'Medical Research Agent', 'Medical research briefing for Chest pain radiating to the left arm (automated online research):

- Possible acute coronary syndrome: Time-critical: rule out myocardial infarction; continuous cardiac monitoring advised.
- Watch for: chest pain, sweating, shortness of breath.
- Suggested tests: 12-lead ECG, Troponin I/T, Chest X-ray.

Sources:
- [PubMed] Clinical overview of Possible acute coronary syndrome (https://pubmed.ncbi.nlm.nih.gov/)
- [ICMR] Indian clinical guidance on Possible acute coronary syndrome (https://www.icmr.gov.in/)', now() - interval '21 minutes');

-- Patient OR-1033 — Ankle sprain from sports (LOW, WAITING) -> Dr. Jordan Kim
insert into patient (id, display_id, age_band, created_at) values ('10000000-0000-4000-8000-000000000033', 'OR-1033', 'ADULT', now() - interval '220 minutes');
insert into intake (id, patient_id, arrival_timestamp, arrival_mode, chief_complaint, pain_level, age, height_cm, weight_kg, temperature_c, heart_rate, systolic_pressure, diastolic_pressure, respiratory_rate, oxygen_saturation, chest_pain, breathing_difficulty, altered_mental_state, severe_bleeding, pregnancy, pediatric_risk, fall_or_trauma, immunocompromised, department, current_status, created_at, updated_at) values ('20000000-0000-4000-8000-000000000033', '10000000-0000-4000-8000-000000000033', now() - interval '220 minutes', 'WALK_IN', 'Ankle sprain from sports', 1, 50, 172, 79, 38.55, 72, 117, 84, 16, 97, false, false, false, false, false, false, true, false, 'Orthopedics', 'WAITING', now() - interval '220 minutes', now() - interval '160 minutes');
insert into intake_structured_symptoms (intake_id, symptom) values ('20000000-0000-4000-8000-000000000033', 'ankle pain');
insert into intake_structured_symptoms (intake_id, symptom) values ('20000000-0000-4000-8000-000000000033', 'swelling');
insert into urgency_assessment (id, patient_id, intake_id, final_category, final_score, suggested_category, suggested_score, structured_symptom_summary, staff_facing_explanation, confidence_level, suggested_diagnosis, medical_attention_note, assessed_at) values ('30000000-0000-4000-8000-000000000033', '10000000-0000-4000-8000-000000000033', '20000000-0000-4000-8000-000000000033', 'LOW', 24, 'LOW', 24, 'Adult patient presenting with ankle pain, swelling.', 'Triaged LOW (score 24). RICE protocol; likely soft-tissue injury.', 'HIGH', 'Ankle ligament sprain', 'RICE protocol; likely soft-tissue injury.', now() - interval '218 minutes');
insert into urgency_score_factors (assessment_id, factor) values ('30000000-0000-4000-8000-000000000033', 'Chief complaint: Ankle sprain from sports');
insert into care_team_assignment (id, patient_id, intake_id, assigned_doctor_id, department, assignment_reason, active, assigned_at) values ('50000000-0000-4000-8000-000000000033', '10000000-0000-4000-8000-000000000033', '20000000-0000-4000-8000-000000000033', 'dddddddd-dddd-dddd-dddd-dddddddddddd', 'Orthopedics', 'Orthopedics match for ankle sprain from sports; balanced across the roster.', true, now() - interval '216 minutes');
insert into queue_entry (id, patient_id, intake_id, urgency_category, urgency_score, waiting_since, department, status, staff_escalated, created_at, updated_at) values ('40000000-0000-4000-8000-000000000033', '10000000-0000-4000-8000-000000000033', '20000000-0000-4000-8000-000000000033', 'LOW', 24, now() - interval '220 minutes', 'Orthopedics', 'WAITING', false, now() - interval '220 minutes', now() - interval '190 minutes');
insert into patient_timeline_event (id, patient_id, intake_id, actor_staff_user_id, department, event_type, title, description, source, created_at) values ('61000000-0000-4000-8000-000000000033', '10000000-0000-4000-8000-000000000033', '20000000-0000-4000-8000-000000000033', '77777777-7777-7777-7777-777777777777', 'Orthopedics', 'INTAKE_INGESTED', 'Intake ingested', 'Nina Patel created the intake for OR-1033.', 'STAFF', now() - interval '220 minutes');
insert into patient_timeline_event (id, patient_id, intake_id, actor_staff_user_id, department, event_type, title, description, source, created_at) values ('62000000-0000-4000-8000-000000000033', '10000000-0000-4000-8000-000000000033', '20000000-0000-4000-8000-000000000033', null, 'Orthopedics', 'QUEUE_SORTED', 'Patient sorted', 'Priority Agent placed OR-1033 as LOW with score 24.', 'AGENT', now() - interval '219 minutes');
insert into patient_timeline_event (id, patient_id, intake_id, actor_staff_user_id, department, event_type, title, description, source, created_at) values ('63000000-0000-4000-8000-000000000033', '10000000-0000-4000-8000-000000000033', '20000000-0000-4000-8000-000000000033', null, 'Orthopedics', 'MEDICAL_RESEARCH', 'Medical research saved', 'Medical Research Agent researched "Ankle ligament sprain", wrote a briefing, and attached source links to the patient thread.', 'AGENT', now() - interval '217 minutes');
insert into patient_timeline_event (id, patient_id, intake_id, actor_staff_user_id, department, event_type, title, description, source, created_at) values ('64000000-0000-4000-8000-000000000033', '10000000-0000-4000-8000-000000000033', '20000000-0000-4000-8000-000000000033', 'dddddddd-dddd-dddd-dddd-dddddddddddd', 'Orthopedics', 'DOCTOR_ASSIGNED', 'Doctor assigned', 'Assignment Agent assigned Dr. Jordan Kim to OR-1033. Orthopedics match for ankle sprain from sports; balanced across the roster.', 'AGENT', now() - interval '216 minutes');
insert into patient_timeline_event (id, patient_id, intake_id, actor_staff_user_id, department, event_type, title, description, source, created_at) values ('65000000-0000-4000-8000-000000000033', '10000000-0000-4000-8000-000000000033', '20000000-0000-4000-8000-000000000033', null, 'Orthopedics', 'DOCTOR_NOTIFIED', 'Care team notified', 'Notification Agent alerted Dr. Jordan Kim and the Orthopedics desk about OR-1033.', 'AGENT', now() - interval '215 minutes');
insert into patient_thread_comment (id, patient_id, intake_id, author_name, body, created_at) values ('70000000-0000-4000-8000-000000000033', '10000000-0000-4000-8000-000000000033', '20000000-0000-4000-8000-000000000033', 'Medical Research Agent', 'Medical research briefing for Ankle sprain from sports (automated online research):

- Ankle ligament sprain: RICE protocol; likely soft-tissue injury.
- Watch for: ankle pain, swelling.
- Suggested tests: Ankle X-ray if Ottawa criteria met.

Sources:
- [PubMed] Clinical overview of Ankle ligament sprain (https://pubmed.ncbi.nlm.nih.gov/)
- [ICMR] Indian clinical guidance on Ankle ligament sprain (https://www.icmr.gov.in/)', now() - interval '217 minutes');

-- Patient GE-1034 — Routine medication refill (LOW, WAITING) -> Dr. Neha Sharma
insert into patient (id, display_id, age_band, created_at) values ('10000000-0000-4000-8000-000000000034', 'GE-1034', 'ADULT', now() - interval '128 minutes');
insert into intake (id, patient_id, arrival_timestamp, arrival_mode, chief_complaint, pain_level, age, height_cm, weight_kg, temperature_c, heart_rate, systolic_pressure, diastolic_pressure, respiratory_rate, oxygen_saturation, chest_pain, breathing_difficulty, altered_mental_state, severe_bleeding, pregnancy, pediatric_risk, fall_or_trauma, immunocompromised, department, current_status, created_at, updated_at) values ('20000000-0000-4000-8000-000000000034', '10000000-0000-4000-8000-000000000034', now() - interval '128 minutes', 'REFERRAL', 'Routine medication refill', 3, 45, 183, 92, 36.93, 87, 116, 71, 19, 97, false, false, false, false, false, false, false, false, 'General', 'WAITING', now() - interval '128 minutes', now() - interval '68 minutes');
insert into intake_structured_symptoms (intake_id, symptom) values ('20000000-0000-4000-8000-000000000034', 'medication refill');
insert into urgency_assessment (id, patient_id, intake_id, final_category, final_score, suggested_category, suggested_score, structured_symptom_summary, staff_facing_explanation, confidence_level, suggested_diagnosis, medical_attention_note, assessed_at) values ('30000000-0000-4000-8000-000000000034', '10000000-0000-4000-8000-000000000034', '20000000-0000-4000-8000-000000000034', 'LOW', 26, 'LOW', 26, 'Adult patient presenting with medication refill.', 'Triaged LOW (score 26). No acute concern; routine review.', 'HIGH', 'Stable chronic condition - refill', 'No acute concern; routine review.', now() - interval '126 minutes');
insert into urgency_score_factors (assessment_id, factor) values ('30000000-0000-4000-8000-000000000034', 'Chief complaint: Routine medication refill');
insert into care_team_assignment (id, patient_id, intake_id, assigned_doctor_id, department, assignment_reason, active, assigned_at) values ('50000000-0000-4000-8000-000000000034', '10000000-0000-4000-8000-000000000034', '20000000-0000-4000-8000-000000000034', 'd0c70000-0000-4000-8000-000000000002', 'General', 'General Medicine match for routine medication refill; balanced across the roster.', true, now() - interval '124 minutes');
insert into queue_entry (id, patient_id, intake_id, urgency_category, urgency_score, waiting_since, department, status, staff_escalated, created_at, updated_at) values ('40000000-0000-4000-8000-000000000034', '10000000-0000-4000-8000-000000000034', '20000000-0000-4000-8000-000000000034', 'LOW', 26, now() - interval '128 minutes', 'General', 'WAITING', false, now() - interval '128 minutes', now() - interval '98 minutes');
insert into patient_timeline_event (id, patient_id, intake_id, actor_staff_user_id, department, event_type, title, description, source, created_at) values ('61000000-0000-4000-8000-000000000034', '10000000-0000-4000-8000-000000000034', '20000000-0000-4000-8000-000000000034', '77777777-7777-7777-7777-777777777777', 'General', 'INTAKE_INGESTED', 'Intake ingested', 'Nina Patel created the intake for GE-1034.', 'STAFF', now() - interval '128 minutes');
insert into patient_timeline_event (id, patient_id, intake_id, actor_staff_user_id, department, event_type, title, description, source, created_at) values ('62000000-0000-4000-8000-000000000034', '10000000-0000-4000-8000-000000000034', '20000000-0000-4000-8000-000000000034', null, 'General', 'QUEUE_SORTED', 'Patient sorted', 'Priority Agent placed GE-1034 as LOW with score 26.', 'AGENT', now() - interval '127 minutes');
insert into patient_timeline_event (id, patient_id, intake_id, actor_staff_user_id, department, event_type, title, description, source, created_at) values ('63000000-0000-4000-8000-000000000034', '10000000-0000-4000-8000-000000000034', '20000000-0000-4000-8000-000000000034', null, 'General', 'MEDICAL_RESEARCH', 'Medical research saved', 'Medical Research Agent researched "Stable chronic condition - refill", wrote a briefing, and attached source links to the patient thread.', 'AGENT', now() - interval '125 minutes');
insert into patient_timeline_event (id, patient_id, intake_id, actor_staff_user_id, department, event_type, title, description, source, created_at) values ('64000000-0000-4000-8000-000000000034', '10000000-0000-4000-8000-000000000034', '20000000-0000-4000-8000-000000000034', 'd0c70000-0000-4000-8000-000000000002', 'General', 'DOCTOR_ASSIGNED', 'Doctor assigned', 'Assignment Agent assigned Dr. Neha Sharma to GE-1034. General Medicine match for routine medication refill; balanced across the roster.', 'AGENT', now() - interval '124 minutes');
insert into patient_timeline_event (id, patient_id, intake_id, actor_staff_user_id, department, event_type, title, description, source, created_at) values ('65000000-0000-4000-8000-000000000034', '10000000-0000-4000-8000-000000000034', '20000000-0000-4000-8000-000000000034', null, 'General', 'DOCTOR_NOTIFIED', 'Care team notified', 'Notification Agent alerted Dr. Neha Sharma and the General desk about GE-1034.', 'AGENT', now() - interval '123 minutes');
insert into patient_thread_comment (id, patient_id, intake_id, author_name, body, created_at) values ('70000000-0000-4000-8000-000000000034', '10000000-0000-4000-8000-000000000034', '20000000-0000-4000-8000-000000000034', 'Medical Research Agent', 'Medical research briefing for Routine medication refill (automated online research):

- Stable chronic condition - refill: No acute concern; routine review.
- Watch for: medication refill.
- Suggested tests: BP measurement.

Sources:
- [PubMed] Clinical overview of Stable chronic condition - refill (https://pubmed.ncbi.nlm.nih.gov/)
- [ICMR] Indian clinical guidance on Stable chronic condition - refill (https://www.icmr.gov.in/)', now() - interval '125 minutes');

-- Patient GE-1035 — Severe abdominal pain and vomiting (HIGH, IN_TREATMENT) -> Dr. Sanjay Gupta
insert into patient (id, display_id, age_band, created_at) values ('10000000-0000-4000-8000-000000000035', 'GE-1035', 'ADULT', now() - interval '186 minutes');
insert into intake (id, patient_id, arrival_timestamp, arrival_mode, chief_complaint, pain_level, age, height_cm, weight_kg, temperature_c, heart_rate, systolic_pressure, diastolic_pressure, respiratory_rate, oxygen_saturation, chest_pain, breathing_difficulty, altered_mental_state, severe_bleeding, pregnancy, pediatric_risk, fall_or_trauma, immunocompromised, department, current_status, created_at, updated_at) values ('20000000-0000-4000-8000-000000000035', '10000000-0000-4000-8000-000000000035', now() - interval '186 minutes', 'WALK_IN', 'Severe abdominal pain and vomiting', 7, 50, 169, 91, 37.35, 103, 122, 81, 26, 94, false, false, false, false, false, false, false, false, 'General', 'IN_TREATMENT', now() - interval '186 minutes', now() - interval '126 minutes');
insert into intake_structured_symptoms (intake_id, symptom) values ('20000000-0000-4000-8000-000000000035', 'abdominal pain');
insert into intake_structured_symptoms (intake_id, symptom) values ('20000000-0000-4000-8000-000000000035', 'vomiting');
insert into intake_structured_symptoms (intake_id, symptom) values ('20000000-0000-4000-8000-000000000035', 'fever');
insert into urgency_assessment (id, patient_id, intake_id, final_category, final_score, suggested_category, suggested_score, structured_symptom_summary, staff_facing_explanation, confidence_level, suggested_diagnosis, medical_attention_note, assessed_at) values ('30000000-0000-4000-8000-000000000035', '10000000-0000-4000-8000-000000000035', '20000000-0000-4000-8000-000000000035', 'HIGH', 81, 'HIGH', 81, 'Adult patient presenting with abdominal pain, vomiting, fever.', 'Triaged HIGH (score 81). Surgical review if right-lower-quadrant tenderness persists.', 'HIGH', 'Possible appendicitis', 'Surgical review if right-lower-quadrant tenderness persists.', now() - interval '184 minutes');
insert into urgency_score_factors (assessment_id, factor) values ('30000000-0000-4000-8000-000000000035', 'Abnormal vital signs');
insert into urgency_score_factors (assessment_id, factor) values ('30000000-0000-4000-8000-000000000035', 'Chief complaint: Severe abdominal pain and vomiting');
insert into care_team_assignment (id, patient_id, intake_id, assigned_doctor_id, department, assignment_reason, active, assigned_at) values ('50000000-0000-4000-8000-000000000035', '10000000-0000-4000-8000-000000000035', '20000000-0000-4000-8000-000000000035', 'd0c70000-0000-4000-8000-000000000003', 'General', 'General Medicine match for severe abdominal pain and vomiting; balanced across the roster.', true, now() - interval '182 minutes');
insert into queue_entry (id, patient_id, intake_id, urgency_category, urgency_score, waiting_since, department, status, staff_escalated, created_at, updated_at) values ('40000000-0000-4000-8000-000000000035', '10000000-0000-4000-8000-000000000035', '20000000-0000-4000-8000-000000000035', 'HIGH', 81, now() - interval '186 minutes', 'General', 'IN_TREATMENT', false, now() - interval '186 minutes', now() - interval '156 minutes');
insert into patient_timeline_event (id, patient_id, intake_id, actor_staff_user_id, department, event_type, title, description, source, created_at) values ('61000000-0000-4000-8000-000000000035', '10000000-0000-4000-8000-000000000035', '20000000-0000-4000-8000-000000000035', '77777777-7777-7777-7777-777777777777', 'General', 'INTAKE_INGESTED', 'Intake ingested', 'Nina Patel created the intake for GE-1035.', 'STAFF', now() - interval '186 minutes');
insert into patient_timeline_event (id, patient_id, intake_id, actor_staff_user_id, department, event_type, title, description, source, created_at) values ('62000000-0000-4000-8000-000000000035', '10000000-0000-4000-8000-000000000035', '20000000-0000-4000-8000-000000000035', null, 'General', 'QUEUE_SORTED', 'Patient sorted', 'Priority Agent placed GE-1035 as HIGH with score 81.', 'AGENT', now() - interval '185 minutes');
insert into patient_timeline_event (id, patient_id, intake_id, actor_staff_user_id, department, event_type, title, description, source, created_at) values ('63000000-0000-4000-8000-000000000035', '10000000-0000-4000-8000-000000000035', '20000000-0000-4000-8000-000000000035', null, 'General', 'MEDICAL_RESEARCH', 'Medical research saved', 'Medical Research Agent researched "Possible appendicitis", wrote a briefing, and attached source links to the patient thread.', 'AGENT', now() - interval '183 minutes');
insert into patient_timeline_event (id, patient_id, intake_id, actor_staff_user_id, department, event_type, title, description, source, created_at) values ('64000000-0000-4000-8000-000000000035', '10000000-0000-4000-8000-000000000035', '20000000-0000-4000-8000-000000000035', 'd0c70000-0000-4000-8000-000000000003', 'General', 'DOCTOR_ASSIGNED', 'Doctor assigned', 'Assignment Agent assigned Dr. Sanjay Gupta to GE-1035. General Medicine match for severe abdominal pain and vomiting; balanced across the roster.', 'AGENT', now() - interval '182 minutes');
insert into patient_timeline_event (id, patient_id, intake_id, actor_staff_user_id, department, event_type, title, description, source, created_at) values ('65000000-0000-4000-8000-000000000035', '10000000-0000-4000-8000-000000000035', '20000000-0000-4000-8000-000000000035', null, 'General', 'DOCTOR_NOTIFIED', 'Care team notified', 'Notification Agent alerted Dr. Sanjay Gupta and the General desk about GE-1035.', 'AGENT', now() - interval '181 minutes');
insert into patient_timeline_event (id, patient_id, intake_id, actor_staff_user_id, department, event_type, title, description, source, created_at) values ('66000000-0000-4000-8000-000000000035', '10000000-0000-4000-8000-000000000035', '20000000-0000-4000-8000-000000000035', 'd0c70000-0000-4000-8000-000000000003', 'General', 'STATUS_CHANGED', 'Treatment started', 'Dr. Sanjay Gupta moved GE-1035 to IN_TREATMENT.', 'STAFF', now() - interval '180 minutes');
insert into patient_thread_comment (id, patient_id, intake_id, author_name, body, created_at) values ('70000000-0000-4000-8000-000000000035', '10000000-0000-4000-8000-000000000035', '20000000-0000-4000-8000-000000000035', 'Medical Research Agent', 'Medical research briefing for Severe abdominal pain and vomiting (automated online research):

- Possible appendicitis: Surgical review if right-lower-quadrant tenderness persists.
- Watch for: abdominal pain, vomiting, fever.
- Suggested tests: Abdominal ultrasound, CBC, Urinalysis.

Sources:
- [PubMed] Clinical overview of Possible appendicitis (https://pubmed.ncbi.nlm.nih.gov/)
- [ICMR] Indian clinical guidance on Possible appendicitis (https://www.icmr.gov.in/)', now() - interval '183 minutes');

-- Patient EM-1036 — Asthma attack with wheezing (HIGH, WAITING) -> Dr. Sofia Martinez
insert into patient (id, display_id, age_band, created_at) values ('10000000-0000-4000-8000-000000000036', 'EM-1036', 'ADULT', now() - interval '16 minutes');
insert into intake (id, patient_id, arrival_timestamp, arrival_mode, chief_complaint, pain_level, age, height_cm, weight_kg, temperature_c, heart_rate, systolic_pressure, diastolic_pressure, respiratory_rate, oxygen_saturation, chest_pain, breathing_difficulty, altered_mental_state, severe_bleeding, pregnancy, pediatric_risk, fall_or_trauma, immunocompromised, department, current_status, created_at, updated_at) values ('20000000-0000-4000-8000-000000000036', '10000000-0000-4000-8000-000000000036', now() - interval '16 minutes', 'WALK_IN', 'Asthma attack with wheezing', 6, 26, 176, 92, 38.53, 100, 123, 81, 24, 93, false, true, false, false, false, false, false, false, 'Emergency', 'WAITING', now() - interval '16 minutes', now() - interval '0 minutes');
insert into intake_structured_symptoms (intake_id, symptom) values ('20000000-0000-4000-8000-000000000036', 'wheezing');
insert into intake_structured_symptoms (intake_id, symptom) values ('20000000-0000-4000-8000-000000000036', 'shortness of breath');
insert into intake_structured_symptoms (intake_id, symptom) values ('20000000-0000-4000-8000-000000000036', 'cough');
insert into urgency_assessment (id, patient_id, intake_id, final_category, final_score, suggested_category, suggested_score, structured_symptom_summary, staff_facing_explanation, confidence_level, suggested_diagnosis, medical_attention_note, assessed_at) values ('30000000-0000-4000-8000-000000000036', '10000000-0000-4000-8000-000000000036', '20000000-0000-4000-8000-000000000036', 'HIGH', 80, 'HIGH', 80, 'Adult patient presenting with wheezing, shortness of breath, cough.', 'Triaged HIGH (score 80). Bronchodilator therapy; reassess response.', 'HIGH', 'Asthma exacerbation', 'Bronchodilator therapy; reassess response.', now() - interval '14 minutes');
insert into urgency_score_factors (assessment_id, factor) values ('30000000-0000-4000-8000-000000000036', 'Abnormal vital signs');
insert into urgency_score_factors (assessment_id, factor) values ('30000000-0000-4000-8000-000000000036', 'Chief complaint: Asthma attack with wheezing');
insert into urgency_score_factors (assessment_id, factor) values ('30000000-0000-4000-8000-000000000036', 'Low oxygen saturation');
insert into urgency_red_flags (assessment_id, red_flag) values ('30000000-0000-4000-8000-000000000036', 'Breathing difficulty');
insert into care_team_assignment (id, patient_id, intake_id, assigned_doctor_id, department, assignment_reason, active, assigned_at) values ('50000000-0000-4000-8000-000000000036', '10000000-0000-4000-8000-000000000036', '20000000-0000-4000-8000-000000000036', 'eeeeeeee-eeee-eeee-eeee-eeeeeeeeeeee', 'Emergency', 'Pulmonology match for asthma attack with wheezing; balanced across the roster.', true, now() - interval '12 minutes');
insert into queue_entry (id, patient_id, intake_id, urgency_category, urgency_score, waiting_since, department, status, staff_escalated, created_at, updated_at) values ('40000000-0000-4000-8000-000000000036', '10000000-0000-4000-8000-000000000036', '20000000-0000-4000-8000-000000000036', 'HIGH', 80, now() - interval '16 minutes', 'Emergency', 'WAITING', false, now() - interval '16 minutes', now() - interval '0 minutes');
insert into patient_timeline_event (id, patient_id, intake_id, actor_staff_user_id, department, event_type, title, description, source, created_at) values ('61000000-0000-4000-8000-000000000036', '10000000-0000-4000-8000-000000000036', '20000000-0000-4000-8000-000000000036', '77777777-7777-7777-7777-777777777777', 'Emergency', 'INTAKE_INGESTED', 'Intake ingested', 'Nina Patel created the intake for EM-1036.', 'STAFF', now() - interval '16 minutes');
insert into patient_timeline_event (id, patient_id, intake_id, actor_staff_user_id, department, event_type, title, description, source, created_at) values ('62000000-0000-4000-8000-000000000036', '10000000-0000-4000-8000-000000000036', '20000000-0000-4000-8000-000000000036', null, 'Emergency', 'QUEUE_SORTED', 'Patient sorted', 'Priority Agent placed EM-1036 as HIGH with score 80.', 'AGENT', now() - interval '15 minutes');
insert into patient_timeline_event (id, patient_id, intake_id, actor_staff_user_id, department, event_type, title, description, source, created_at) values ('63000000-0000-4000-8000-000000000036', '10000000-0000-4000-8000-000000000036', '20000000-0000-4000-8000-000000000036', null, 'Emergency', 'MEDICAL_RESEARCH', 'Medical research saved', 'Medical Research Agent researched "Asthma exacerbation", wrote a briefing, and attached source links to the patient thread.', 'AGENT', now() - interval '13 minutes');
insert into patient_timeline_event (id, patient_id, intake_id, actor_staff_user_id, department, event_type, title, description, source, created_at) values ('64000000-0000-4000-8000-000000000036', '10000000-0000-4000-8000-000000000036', '20000000-0000-4000-8000-000000000036', 'eeeeeeee-eeee-eeee-eeee-eeeeeeeeeeee', 'Emergency', 'DOCTOR_ASSIGNED', 'Doctor assigned', 'Assignment Agent assigned Dr. Sofia Martinez to EM-1036. Pulmonology match for asthma attack with wheezing; balanced across the roster.', 'AGENT', now() - interval '12 minutes');
insert into patient_timeline_event (id, patient_id, intake_id, actor_staff_user_id, department, event_type, title, description, source, created_at) values ('65000000-0000-4000-8000-000000000036', '10000000-0000-4000-8000-000000000036', '20000000-0000-4000-8000-000000000036', null, 'Emergency', 'DOCTOR_NOTIFIED', 'Care team notified', 'Notification Agent alerted Dr. Sofia Martinez and the Emergency desk about EM-1036.', 'AGENT', now() - interval '11 minutes');
insert into patient_thread_comment (id, patient_id, intake_id, author_name, body, created_at) values ('70000000-0000-4000-8000-000000000036', '10000000-0000-4000-8000-000000000036', '20000000-0000-4000-8000-000000000036', 'Medical Research Agent', 'Medical research briefing for Asthma attack with wheezing (automated online research):

- Asthma exacerbation: Bronchodilator therapy; reassess response.
- Watch for: wheezing, shortness of breath, cough.
- Suggested tests: Peak flow, SpO2, Chest auscultation.

Sources:
- [PubMed] Clinical overview of Asthma exacerbation (https://pubmed.ncbi.nlm.nih.gov/)
- [ICMR] Indian clinical guidance on Asthma exacerbation (https://www.icmr.gov.in/)', now() - interval '13 minutes');

-- Seeded 36 patients: 28 discharged, 0 left without being seen, 8 currently active.
